,university,relationships,break ups,divorce,wedding,death,family,friendship
0,1e-06,0.999999,1e-06,0.999999,6.912766138584409e-06,1e-06,0.999999,0.999999
1,1e-06,1e-06,1e-06,0.999999,0.0009413574203049438,1e-06,1e-06,1e-06
2,1e-06,0.00023789185853695337,1e-06,0.999999,0.999999,0.999999,0.999999,1e-06
3,1e-06,0.999999,1e-06,1e-06,0.128551822402582,1e-06,0.999999,1e-06
4,0.999999,1e-06,1e-06,1e-06,0.999999,1e-06,0.999999,1e-06
5,1e-06,1e-06,1e-06,0.999999,1e-06,1e-06,1e-06,1e-06
6,1e-06,3.6478203018202924e-06,1e-06,0.999999,5.000056236671386e-05,1e-06,1e-06,0.999999
7,0.999999,6.206813473227445e-05,1e-06,1e-06,7.577530592417437e-05,1e-06,1e-06,0.999999
8,1e-06,1e-06,1e-06,1e-06,1e-06,0.999999,1e-06,1e-06
9,1e-06,0.999999,1e-06,0.999999,1e-06,1e-06,1e-06,2.2042573584668294e-06
10,1e-06,1e-06,1e-06,1e-06,1e-06,0.999999,1e-06,1e-06
11,1e-06,1.0391536670031588e-05,1e-06,1e-06,1e-06,1e-06,0.999999,1e-06
12,1e-06,1e-06,0.999999,1.1195144163731854e-06,2.5546576066374e-05,1e-06,1e-06,0.999999
13,0.999999,1e-06,1e-06,1e-06,0.0059290911498017995,1e-06,1e-06,1e-06
14,1e-06,1e-06,0.999999,1e-06,0.999999,1e-06,1e-06,1e-06
15,0.999999,1e-06,1e-06,3.0405343626301145e-06,1e-06,1e-06,1e-06,1e-06
16,0.999999,9.100057667607251e-05,1.6032979511947115e-06,1e-06,1e-06,0.999999,1e-06,0.999999
17,1e-06,1e-06,1e-06,1e-06,0.999999,1e-06,1e-06,1e-06
18,0.999999,1e-06,1e-06,1e-06,1e-06,1e-06,1e-06,1e-06
19,1e-06,0.999999,1e-06,1e-06,1e-06,1e-06,1e-06,0.999999
20,1e-06,1e-06,0.999999,1e-06,1e-06,1e-06,0.999999,1e-06
21,0.999999,0.999999,0.999999,1e-06,0.999999,1e-06,0.999999,0.999999
22,1e-06,0.999999,1e-06,0.999999,1e-06,1e-06,0.999999,1e-06
23,1e-06,2.0787628691438423e-05,0.999999,1e-06,0.999999,1e-06,1e-06,1e-06
24,1e-06,1e-06,0.999999,0.999999,3.5908633194278195e-05,1e-06,1e-06,1e-06
25,0.999999,0.999999,1e-06,1e-06,0.999999,1e-06,1e-06,1e-06
26,1e-06,1e-06,1e-06,1e-06,0.005630857858379833,1e-06,1e-06,1e-06
27,1e-06,1e-06,0.999999,1.0097897394492983e-05,0.999999,1e-06,1e-06,1e-06
28,1e-06,0.999999,1e-06,1e-06,2.8684689067288958e-05,0.999999,1e-06,1e-06
29,1e-06,1e-06,1e-06,1e-06,9.075071089559624e-06,1e-06,1e-06,1e-06
30,0.999999,0.999999,0.999999,1e-06,1e-06,0.006827168209551211,1e-06,0.999999
31,0.999999,0.999999,0.999999,0.999999,6.9530041820626935e-06,1e-06,0.999999,1e-06
32,1e-06,1e-06,1e-06,0.999999,1e-06,0.999999,1e-06,0.999999
33,1e-06,1e-06,3.975102697589192e-06,1e-06,0.999999,1e-06,0.999999,0.999999
34,0.999999,0.999999,1e-06,0.999999,1e-06,0.999999,0.999999,1e-06
35,1e-06,2.6692776604950444e-05,1e-06,1e-06,0.999999,1e-06,1e-06,1e-06
36,1e-06,0.999999,1e-06,1e-06,1e-06,1e-06,1e-06,0.999999
37,0.999999,1e-06,0.999999,2.573221046499157e-06,1e-06,1e-06,0.999999,1e-06
38,1e-06,1e-06,0.999999,1e-06,1.3585572359983143e-06,1e-06,0.999999,0.999999
39,0.999999,1e-06,1e-06,1e-06,1e-06,1e-06,1e-06,1e-06
40,1e-06,1e-06,0.999999,1e-06,1e-06,1e-06,1e-06,1e-06
41,1e-06,1e-06,0.999999,1e-06,0.00012506045267020072,1e-06,1e-06,2.0762658487873338e-06
42,1e-06,1e-06,1e-06,1.071838203544751e-06,1e-06,0.999999,1e-06,1e-06
43,1e-06,2.1591691251956194e-06,1e-06,0.999999,0.005932101264010307,1e-06,1e-06,1e-06
44,0.999999,1e-06,1e-06,1e-06,0.999999,1e-06,0.999999,0.0001439915437962757
45,1e-06,1e-06,0.999999,1e-06,1e-06,1e-06,1e-06,1e-06
46,1e-06,1e-06,1e-06,1e-06,0.999999,0.999999,1e-06,0.999999
47,1e-06,9.429788080559526e-06,1e-06,0.999999,0.002331369637819513,1e-06,0.999999,1e-06
48,1e-06,1e-06,1e-06,1e-06,0.999999,1e-06,1e-06,0.999999
49,1e-06,0.999999,1e-06,1e-06,1e-06,4.735700855469098e-06,0.999999,1e-06
50,1e-06,1e-06,1e-06,1.1692811722600612e-06,1e-06,0.999999,1e-06,0.00023759170632292885
51,1e-06,1e-06,1e-06,1e-06,1.9883857615927943e-05,1e-06,0.999999,1e-06
52,1e-06,7.220695577397412e-06,1e-06,1e-06,0.999999,0.999999,1e-06,1e-06
53,1e-06,1e-06,1e-06,1e-06,0.005447243223123931,0.999999,2.570630500621073e-06,1e-06
54,1e-06,1e-06,1e-06,1e-06,1e-06,0.999999,1e-06,1e-06
55,1e-06,1e-06,1e-06,1e-06,1.6337971477333436e-05,1e-06,1e-06,1e-06
56,1e-06,1e-06,1e-06,1e-06,0.999999,1e-06,1e-06,1e-06
57,0.999999,1e-06,1.3202280885327413e-06,1e-06,1e-06,0.999999,0.0002153032043341713,0.999999
58,1e-06,1.4108860470862921e-06,0.999999,1e-06,0.999999,1e-06,0.999999,1e-06
59,0.999999,5.049791846491653e-06,1e-06,1e-06,0.999999,1e-06,1e-06,1e-06
60,0.999999,1e-06,1e-06,1e-06,2.7428605248581873e-05,1e-06,1e-06,0.999999
61,1e-06,1e-06,1e-06,1e-06,0.999999,0.999999,0.999999,0.999999
62,1e-06,1e-06,1e-06,1e-06,0.006500434421263801,1e-06,1e-06,1e-06
63,0.999999,1e-06,0.999999,1e-06,0.999999,1e-06,0.999999,1e-06
64,1e-06,1e-06,1e-06,1.3626421322296154e-06,0.999999,1e-06,1e-06,1e-06
65,0.999999,2.0082723561355947e-06,1e-06,0.999999,0.999999,1e-06,1e-06,1e-06
66,1e-06,2.9817427429776967e-06,0.999999,1e-06,0.0015007121645931828,1e-06,1e-06,1e-06
67,0.999999,1e-06,1.3732296093172545e-05,0.999999,0.999999,1e-06,0.999999,1e-06
68,1e-06,1e-06,1e-06,1e-06,0.999999,1e-06,1e-06,1e-06
69,0.999999,1e-06,1e-06,1e-06,1.8763600425338157e-06,1e-06,0.999999,0.999999
70,0.999999,1e-06,1e-06,0.999999,0.999999,1e-06,0.999999,1e-06
71,0.999999,0.999999,1e-06,0.999999,0.999999,0.999999,0.999999,1e-06
72,0.999999,1e-06,1e-06,1e-06,0.999999,0.999999,1e-06,1e-06
73,1e-06,3.447084382468973e-06,0.999999,4.4192775224374025e-06,0.008322763508233485,0.999999,0.999999,1e-06
74,1e-06,1e-06,1e-06,1e-06,1e-06,1e-06,1e-06,1e-06
75,1e-06,1e-06,0.999999,2.0136426842529697e-06,1e-06,0.999999,0.999999,0.999999
76,0.999999,1e-06,1e-06,1e-06,0.999999,1e-06,1e-06,4.402252072039497e-06
77,0.999999,1e-06,1e-06,1e-06,0.999999,1e-06,1e-06,0.999999
78,0.999999,1e-06,1e-06,1e-06,0.0009317366104490382,0.999999,1e-06,1e-06
79,1e-06,1e-06,1e-06,1e-06,0.999999,1e-06,0.999999,0.999999
80,1e-06,1.1616029072751107e-06,1e-06,0.999999,0.999999,1e-06,1e-06,1e-06
81,1e-06,0.999999,1e-06,1e-06,0.999999,1.8782357928985496e-06,1e-06,1e-06
82,1e-06,1e-06,1e-06,1e-06,1e-06,0.999999,0.999999,0.999999
83,0.999999,1e-06,1e-06,1e-06,0.999999,1e-06,1e-06,6.104211810749142e-06
84,1e-06,0.999999,0.999999,1e-06,1e-06,0.999999,1e-06,1e-06
85,1e-06,1.1560234716074123e-06,1e-06,0.999999,0.004153884105581626,1e-06,1e-06,1e-06
86,1e-06,1e-06,1e-06,1e-06,1e-06,1e-06,1e-06,1e-06
87,0.999999,0.999999,1e-06,1e-06,1.813879300531196e-05,1e-06,1e-06,0.999999
88,0.999999,4.509966319524721e-06,1e-06,5.5476045759229206e-06,2.194998016488242e-05,1e-06,0.999999,1e-06
89,1e-06,1e-06,0.999999,1e-06,1e-06,1e-06,1e-06,1.439815266833325e-05
90,1e-06,1e-06,1e-06,0.999999,1e-06,1.806298268118962e-06,1e-06,1.3752372290995272e-06
91,1e-06,1e-06,1e-06,0.999999,1e-06,1e-06,1e-06,1e-06
92,1e-06,0.999999,1e-06,1e-06,1e-06,0.999999,0.999999,1.6716643337126888e-06
93,0.999999,5.179476528199503e-06,1e-06,2.9516434607196535e-06,0.999999,7.258739231601824e-06,0.999999,0.999999
94,0.999999,0.999999,1e-06,1e-06,0.999999,1e-06,0.999999,1e-06
95,1e-06,1e-06,1e-06,1e-06,0.999999,0.999999,0.999999,0.999999
96,1e-06,0.999999,0.999999,1e-06,1e-06,0.999999,0.999999,1e-06
97,1e-06,1.537261563644928e-06,0.999999,1e-06,0.005856309581222564,1e-06,0.999999,1e-06
98,0.999999,1.7558002953593764e-05,1e-06,1e-06,0.00532589286936115,1e-06,1e-06,0.999999
99,0.999999,0.999999,1e-06,1.327758023653007e-06,0.999999,1e-06,0.999999,0.999999
100,0.999999,0.0002721280504725777,0.999999,1e-06,0.999999,0.999999,1e-06,1e-06
101,1e-06,1.3980296313310175e-05,1e-06,0.999999,1e-06,1e-06,1e-06,4.223227798742402e-06
102,1e-06,0.999999,0.999999,0.999999,0.999999,0.999999,0.999999,1e-06
103,1e-06,3.984455794282105e-05,0.999999,0.999999,1e-06,1e-06,1e-06,1e-06
104,0.999999,1e-06,1e-06,0.999999,0.999999,0.999999,1e-06,0.999999
105,1e-06,1e-06,1e-06,1e-06,0.999999,0.999999,1e-06,0.999999
106,1e-06,1e-06,1e-06,1e-06,0.999999,1e-06,0.999999,0.999999
107,1e-06,1e-06,1e-06,1e-06,9.649117842471606e-06,1e-06,0.999999,1e-06
108,1e-06,1e-06,1e-06,1e-06,1e-06,1e-06,1e-06,0.999999
109,1e-06,0.999999,0.999999,1e-06,1e-06,1e-06,0.999999,1e-06
110,1e-06,1e-06,1e-06,1e-06,1e-06,0.999999,0.999999,1e-06
111,1e-06,0.999999,0.999999,0.999999,0.999999,0.999999,1e-06,1e-06
112,1e-06,1e-06,1e-06,0.999999,1e-06,1e-06,1e-06,1e-06
113,1e-06,1e-06,1e-06,1e-06,0.999999,0.999999,0.999999,1.7201561319274372e-06
114,1e-06,0.999999,1e-06,1e-06,1e-06,0.999999,1e-06,1e-06
115,0.999999,1e-06,1e-06,0.999999,0.9999987976036333,1e-06,1e-06,1e-06
116,1e-06,2.2445925687847267e-06,1.1135859688995155e-06,0.999999,0.9999979995676309,1e-06,0.999999,0.999999
117,1e-06,1.4622311329951321e-05,1e-06,1e-06,0.00011004113033360126,1e-06,1e-06,0.999999
118,1e-06,1.2559416612325573e-06,0.999999,1e-06,2.2513693356181144e-05,1e-06,1e-06,1.721565601696717e-06
119,0.999999,1e-06,0.999999,1e-06,1.717490808724028e-06,1e-06,1e-06,1e-06
120,1e-06,1e-06,0.999999,1e-06,0.9999824029874913,1e-06,1e-06,1e-06
121,1e-06,1e-06,1e-06,3.625668411540237e-06,2.5656275695311994e-06,1e-06,0.999999,0.999999
122,1e-06,2.298515743807143e-05,1e-06,1e-06,0.999999,0.999999,1e-06,1e-06
123,1e-06,1e-06,1e-06,0.999999,0.999999,0.999999,0.999999,0.999999
124,1e-06,2.3517660251048908e-05,0.999999,0.999999,0.006098741397919615,1e-06,0.999999,1e-06
125,1e-06,0.999999,1e-06,1e-06,0.0015459589212956113,0.999999,1e-06,1e-06
126,1e-06,0.999999,1e-06,1.4529269839767854e-05,0.005099408846738146,0.999999,1e-06,1.556449112031991e-06
127,1e-06,8.047690313530941e-06,1e-06,4.941117921031853e-06,0.002515814080032811,1e-06,0.999999,1e-06
128,1e-06,0.999999,1e-06,0.999999,1.9807192777591845e-06,1e-06,1e-06,1e-06
129,1e-06,0.999999,1e-06,2.3515639960817792e-06,2.930089750742573e-06,1e-06,0.999999,1e-06
130,1e-06,1e-06,1e-06,1e-06,1e-06,1e-06,0.000318058718460492,1e-06
131,1e-06,0.999999,1e-06,1e-06,0.006023419459120193,1e-06,1e-06,1e-06
132,0.999999,0.999999,1e-06,1e-06,1.9754517110299423e-05,1e-06,3.052361311928839e-05,9.411478303618382e-06
133,1e-06,0.999999,1e-06,1.6726517705802773e-06,0.999999,0.999999,0.999999,0.999999
134,1e-06,1e-06,1e-06,1e-06,1.2007833859275212e-05,0.999999,1e-06,1e-06
135,0.999999,1e-06,1e-06,2.368505634078011e-05,0.0018128472185807805,1e-06,1e-06,1e-06
136,1e-06,1e-06,1e-06,1e-06,0.999998305800261,0.999999,0.999999,1e-06
137,1e-06,1e-06,1e-06,1e-06,0.999999,1.3532109875631509e-06,0.999999,1e-06
138,1e-06,1.5280272443827689e-06,1e-06,0.999999,1.4472312091460976e-06,1e-06,0.999999,1e-06
139,0.999999,1e-06,1e-06,1e-06,1e-06,1e-06,1e-06,0.00014243932129881932
140,0.999999,1e-06,0.999999,1.1010599326779589e-06,0.999999,1e-06,1e-06,1e-06
141,1e-06,0.999999,7.01809595738753e-05,1e-06,1e-06,0.999999,1e-06,1e-06
142,0.999999,1e-06,1e-06,1e-06,0.999999,0.999999,0.999999,0.999999
143,0.999999,0.999999,1e-06,1e-06,1e-06,0.999999,1e-06,0.999999
144,0.999999,1e-06,1e-06,1e-06,1.1783759543370741e-05,1e-06,1e-06,0.999999
145,0.999999,5.180432010815901e-06,0.999999,1e-06,1e-06,1e-06,1e-06,0.999999
146,1e-06,1e-06,1e-06,0.999999,1.883029944535593e-05,1e-06,0.999999,0.999999
147,1e-06,0.999999,0.999999,1e-06,1e-06,0.999999,1e-06,1e-06
148,1e-06,1e-06,1e-06,1e-06,0.999999,0.999999,1e-06,1e-06
149,0.999999,0.999999,1e-06,1e-06,1e-06,1e-06,0.999999,5.156217607548828e-06
150,1e-06,0.999999,1e-06,1e-06,1e-06,1.0776632983471134e-06,0.999999,1e-06
151,1e-06,0.999999,1e-06,1e-06,1e-06,0.999999,0.999999,1e-06
152,1e-06,1e-06,0.999999,1e-06,2.2688114729598147e-05,1e-06,0.999999,1e-06
153,0.999999,0.999999,1e-06,1e-06,1e-06,1e-06,1e-06,1e-06
154,1e-06,1e-06,1e-06,1e-06,0.999999,0.999999,1e-06,0.999999
155,1e-06,1.808583213328835e-05,1e-06,0.999999,1e-06,1e-06,1e-06,0.999999
156,0.999999,0.999999,1e-06,1e-06,0.8615810447973191,1e-06,1e-06,1e-06
157,1e-06,1e-06,1e-06,0.999999,1e-06,0.999999,1e-06,1e-06
158,0.999999,0.999999,1e-06,1e-06,0.999999,1e-06,7.039294480149016e-05,0.999999
159,1e-06,2.9886494320698962e-05,1e-06,1e-06,0.999999,0.999999,1e-06,1e-06
160,0.999999,0.999999,1e-06,1e-06,1e-06,1e-06,0.999999,1e-06
161,1e-06,2.5493334050104776e-06,0.999999,1e-06,1e-06,1e-06,1e-06,1e-06
162,1e-06,1.6720846164487656e-05,1e-06,1e-06,1e-06,0.999999,0.999999,1e-06
163,1e-06,1e-06,0.999999,1e-06,1e-06,1e-06,0.999999,1e-06
164,1e-06,0.999999,1e-06,1e-06,0.002962314125703181,0.999999,0.999999,1e-06
165,1e-06,1e-06,1e-06,1.1493374131260462e-06,5.43768974100899e-06,1e-06,0.999999,1e-06
166,1e-06,1e-06,1e-06,1e-06,0.999999,1e-06,1e-06,1e-06
167,0.999999,1e-06,0.999999,1e-06,1e-06,1e-06,8.270174183296786e-05,1e-06
168,1e-06,1e-06,1e-06,1e-06,0.999999,0.999999,0.999999,0.999999
169,1e-06,0.999999,1e-06,0.999999,1e-06,0.999999,0.999999,0.999999
170,1e-06,7.197541564864902e-06,0.999999,1e-06,1e-06,1e-06,0.999999,1e-06
171,1e-06,1e-06,0.999999,1e-06,1e-06,1e-06,1e-06,1e-06
172,0.999999,1e-06,0.999999,0.999999,1e-06,4.915148612810221e-06,0.999999,1e-06
173,1e-06,1e-06,1e-06,0.999999,1e-06,0.999999,1e-06,1e-06
174,0.999999,1e-06,1e-06,1e-06,0.999999,1e-06,0.999999,1e-06
175,1e-06,0.999999,1e-06,1e-06,1e-06,0.999999,1e-06,0.00015291696679130355
176,0.999999,1e-06,0.999999,1e-06,0.999999,1e-06,0.999999,1e-06
177,0.999999,1e-06,1e-06,1e-06,0.999999,1e-06,0.999999,1e-06
178,1e-06,5.199438653050885e-06,0.999999,1e-06,0.999999,0.999999,0.999999,1e-06
179,1e-06,0.999999,0.999999,1e-06,0.0005099071474702892,1e-06,0.999999,0.999999
180,0.999999,0.999999,1e-06,1e-06,0.999999,1e-06,1e-06,0.999999
181,0.999999,0.999999,1.465399434671763e-06,1e-06,1e-06,0.999999,0.999999,0.009871959349466485
182,1e-06,1e-06,4.4310433435046375e-06,0.999999,0.999999,1e-06,1e-06,0.999999
183,1e-06,1.181314342718849e-06,1e-06,0.999999,1e-06,1e-06,1e-06,0.999999
184,1e-06,0.999999,1e-06,1e-06,0.01904155557001635,1e-06,1e-06,1e-06
185,1e-06,3.528775641372031e-05,0.999999,2.882778232790749e-06,0.999999,1e-06,1e-06,1e-06
186,1e-06,8.022252549624667e-05,0.999999,1e-06,1e-06,1e-06,1.1174788991499628e-06,0.999999
187,0.999999,1e-06,1e-06,0.999999,0.999999,0.999999,1e-06,1e-06
188,1e-06,0.999999,0.999999,1e-06,0.0004403206370103079,1e-06,1e-06,1e-06
189,0.999999,1e-06,0.999999,1e-06,1e-06,0.999999,1e-06,1.5367806383718273e-05
190,1e-06,6.137735677203873e-06,1e-06,1e-06,0.999999,1e-06,0.999999,1e-06
191,1e-06,1e-06,1e-06,1e-06,0.999999,0.999999,1e-06,1e-06
192,1e-06,0.999999,3.852592829562084e-06,0.999999,1e-06,3.7283130878311444e-06,0.999999,0.999999
193,0.999999,1e-06,1e-06,3.5535166329038398e-06,1e-06,0.999999,1e-06,0.999999
194,1e-06,0.999999,0.999999,1e-06,1e-06,1e-06,1e-06,6.295935307569283e-05
195,0.999999,1e-06,1e-06,0.999999,0.38001746502272415,1e-06,1e-06,1e-06
196,1e-06,0.999999,1e-06,1e-06,0.004923121114250611,1e-06,1e-06,1e-06
197,0.999999,1e-06,0.999999,0.999999,0.019204614254129383,3.62042572929901e-06,0.999999,1e-06
198,1e-06,0.0001119466264033684,0.999999,1e-06,1e-06,1e-06,1e-06,1e-06
199,1e-06,1e-06,0.999999,1e-06,0.012266155920650758,1e-06,0.999999,1e-06
200,1e-06,1e-06,0.999999,0.999999,1e-06,1e-06,1e-06,1e-06
201,1e-06,0.999999,1e-06,2.867196297873874e-06,0.999999,1e-06,0.999999,1e-06
202,1e-06,0.999999,1e-06,0.999999,4.954062487739083e-06,1e-06,0.999999,1e-06
203,1e-06,3.4136502424016907e-06,0.999999,3.6025874651081104e-06,0.036499249836216496,1e-06,1e-06,1e-06
204,1e-06,1e-06,1e-06,1e-06,0.999999,1e-06,1e-06,1e-06
205,1e-06,0.999999,1e-06,1e-06,0.999999,0.999999,1e-06,1e-06
206,1e-06,1e-06,1e-06,1e-06,1e-06,0.999999,0.999999,1e-06
207,1e-06,1e-06,1e-06,1e-06,0.999999,0.999999,1e-06,1e-06
208,1e-06,1e-06,1e-06,0.999999,0.10003130918480162,0.999999,1e-06,1e-06
209,1e-06,7.188894646130706e-05,0.999999,1e-06,0.999999,1e-06,1e-06,1e-06
210,1e-06,1e-06,1e-06,1e-06,8.390666857516914e-06,1e-06,1e-06,1e-06
211,0.999999,1e-06,1e-06,6.549125452758187e-06,1e-06,1e-06,1e-06,1e-06
212,1e-06,1e-06,1e-06,1e-06,0.999999,1e-06,0.999999,1e-06
213,0.999999,0.999999,1e-06,1.0626178237954594e-06,1e-06,1e-06,1e-06,0.999999
214,0.999999,1e-06,1e-06,1e-06,1e-06,1e-06,1e-06,1e-06
215,1e-06,1e-06,1e-06,1.369545792319291e-06,3.745268510187163e-06,1e-06,1e-06,0.999999
216,1e-06,1e-06,1e-06,0.999999,1e-06,0.999999,1e-06,1e-06
217,0.999999,1e-06,1e-06,1e-06,0.999999,0.999999,0.999999,0.999999
218,1e-06,1e-06,0.999999,1e-06,0.999999,1e-06,0.999999,0.999999
219,0.999999,5.965643065657817e-06,1e-06,1e-06,0.0005212821583828689,0.999999,1e-06,0.999999
220,1e-06,1e-06,1e-06,0.999999,1e-06,0.999999,0.999999,0.999999
221,1e-06,1e-06,1e-06,1e-06,1e-06,0.999999,1e-06,1e-06
222,1e-06,0.999999,1e-06,1e-06,1e-06,1e-06,0.0024428922637648124,1e-06
223,1e-06,1e-06,0.999999,0.999999,0.0617391910001247,0.999999,0.999999,0.999999
224,1e-06,2.0686037394714192e-06,1e-06,1e-06,1.3706345252650473e-05,1e-06,1e-06,1e-06
225,1e-06,1e-06,1e-06,1e-06,0.010159341199223541,1e-06,1e-06,1e-06
226,1e-06,0.999999,1e-06,1e-06,1.7315013925292783e-05,1e-06,1e-06,1e-06
227,0.999999,1e-06,1e-06,0.999999,0.042512646259796956,0.999999,1e-06,1e-06
228,1e-06,1e-06,1e-06,0.999999,1e-06,1e-06,1e-06,1e-06
229,1e-06,1e-06,1e-06,0.999999,1e-06,1e-06,0.999999,0.999999
230,1e-06,3.074248308630458e-06,1e-06,0.999999,0.999999,1e-06,1e-06,1e-06
231,1e-06,0.999999,1e-06,0.999999,1e-06,1e-06,1e-06,1e-06
232,1e-06,1e-06,1e-06,0.999999,1e-06,1e-06,1e-06,1e-06
233,1e-06,2.1339213305392887e-05,1e-06,1e-06,0.018533187596243943,0.999999,0.999999,0.999999
234,1e-06,1.324590509754641e-06,1e-06,1e-06,1e-06,1e-06,0.999999,5.341876939048362e-06
235,1e-06,1e-06,1e-06,1e-06,0.0027785515411351265,1e-06,1e-06,1e-06
236,0.999999,3.3307938486433428e-06,1e-06,1e-06,1e-06,1e-06,1e-06,1e-06
237,0.999999,1e-06,1e-06,1e-06,5.014460215149398e-06,0.999999,0.999999,1e-06
238,1e-06,3.0305359240032013e-06,0.999999,1e-06,3.247809643823209e-05,1e-06,1e-06,2.8762600688714535e-05
239,1e-06,2.223738800218962e-05,1e-06,0.999999,1e-06,0.999999,0.999999,1e-06
240,1e-06,0.999999,1e-06,1e-06,1.9141663701360925e-05,1e-06,1e-06,1e-06
241,1e-06,1.035468787037192e-06,1e-06,1e-06,0.999999,0.999999,1e-06,1e-06
242,1e-06,1e-06,1e-06,1.0537838609269891e-06,0.999999,1e-06,1e-06,1e-06
243,0.999999,0.999999,1e-06,1e-06,0.999999,1e-06,0.999999,1e-06
244,1e-06,1e-06,1e-06,1e-06,0.004009214119594261,1e-06,1e-06,1e-06
245,1e-06,0.00012787891303059324,0.999999,1e-06,1e-06,1e-06,1e-06,0.999999
246,1e-06,1.1490080238261224e-06,1e-06,0.999999,0.0014966498955745547,1e-06,0.999999,1e-06
247,0.999999,0.999999,1e-06,0.999999,0.010896361308666343,0.999999,0.999999,0.999999
248,1e-06,0.999999,0.999999,0.999999,1e-06,1e-06,1e-06,2.5528223232391445e-05
249,0.999999,0.999999,1e-06,1e-06,1.2290784902417287e-06,1e-06,1e-06,0.999999
250,1e-06,1.5547905534883455e-05,1e-06,1.5451391636696021e-06,0.999999,1e-06,0.999999,0.999999
251,1e-06,0.999999,1e-06,0.999999,1e-06,1e-06,0.999999,0.999999
252,1e-06,0.999999,1e-06,1e-06,1.8678984478071418e-05,1e-06,1e-06,1e-06
253,1e-06,1e-06,0.999999,1e-06,1e-06,1e-06,1e-06,1e-06
254,1e-06,1e-06,1e-06,1e-06,1e-06,1e-06,1e-06,0.999999
255,1e-06,1e-06,0.0005133707380233716,1e-06,1e-06,0.999999,0.999999,1e-06
256,1e-06,1e-06,1e-06,1e-06,1e-06,1e-06,1e-06,1e-06
257,1e-06,1e-06,0.999999,1e-06,0.008776061320273535,1e-06,0.999999,0.999999
258,1e-06,2.6402117181739095e-06,1e-06,1e-06,0.006205875031567856,0.999999,1e-06,1e-06
259,1e-06,9.129226481476534e-06,1e-06,0.999999,0.009512366785277523,0.999999,0.999999,1e-06
260,1e-06,1e-06,1e-06,1e-06,1e-06,0.999999,0.999999,0.999999
261,1e-06,0.999999,0.999999,1e-06,3.7032968886998228e-06,1e-06,1e-06,0.999999
262,0.999999,0.999999,0.999999,0.999999,0.999999,1e-06,1e-06,6.165638178564177e-06
263,1e-06,1.0964847892849772e-06,1e-06,0.999999,0.0012447126777353624,1e-06,1e-06,1e-06
264,1e-06,1e-06,0.999999,1e-06,5.91987164526541e-06,1e-06,1e-06,1e-06
265,1e-06,0.999999,0.999999,0.999999,1e-06,0.999999,0.999999,1e-06
266,1e-06,0.999999,1e-06,1e-06,1e-06,1e-06,0.999999,1e-06
267,0.999999,1e-06,1e-06,0.999999,0.999999,1e-06,1e-06,1e-06
268,1e-06,1e-06,0.999999,1e-06,0.999999,1e-06,1e-06,1e-06
269,1e-06,1e-06,1e-06,0.999999,2.162698060497057e-05,1e-06,0.999999,1.184434680801402e-05
270,1e-06,1e-06,1e-06,0.999999,0.999999,0.999999,1e-06,1e-06
271,1e-06,0.999999,1e-06,0.999999,1e-06,1e-06,1e-06,1e-06
272,1e-06,0.999999,0.999999,0.999999,0.999999,1e-06,1e-06,0.999999
273,0.999999,1e-06,1e-06,0.999999,0.999999,0.999999,1e-06,1e-06
274,1e-06,0.999999,1e-06,0.999999,5.4207732379276155e-06,1e-06,1e-06,1e-06
275,0.999999,1e-06,1e-06,2.08440609081844e-06,0.999999,1e-06,0.999999,1e-06
276,0.999999,1e-06,1e-06,1e-06,0.999999,1e-06,0.999999,1e-06
277,0.999999,1e-06,1e-06,1e-06,1e-06,1e-06,0.999999,0.999999
278,1e-06,1e-06,1e-06,1e-06,0.1147557050854315,1e-06,1e-06,0.999999
279,1e-06,1e-06,1e-06,1e-06,0.999999,1e-06,0.999999,0.999999
280,1e-06,1e-06,1.418848338025076e-06,1e-06,1e-06,0.999999,0.999999,1e-06
281,1e-06,1e-06,0.999999,1e-06,1e-06,1e-06,1e-06,1e-06
282,0.999999,1e-06,1e-06,1.1131925799839144e-05,0.999999,1e-06,1e-06,1e-06
283,1e-06,1e-06,1e-06,1e-06,6.539829699437172e-06,1e-06,1e-06,0.999999
284,1e-06,1e-06,1e-06,1e-06,1e-06,1e-06,1e-06,1e-06
285,1e-06,0.999999,1e-06,0.999999,1e-06,1e-06,1e-06,0.999999
286,1e-06,1.096323844559419e-06,1e-06,1e-06,0.0015625226649000285,1e-06,1e-06,1e-06
287,1e-06,1e-06,1e-06,0.999999,1e-06,1e-06,1e-06,1e-06
288,1e-06,1e-06,1e-06,1e-06,1e-06,0.999999,0.999999,1e-06
289,1e-06,1e-06,0.999999,0.999999,0.999999,0.999999,1e-06,1e-06
290,1e-06,1e-06,1e-06,1e-06,1e-06,0.999999,1.0309587713378073e-06,1e-06
291,0.999999,1e-06,0.999999,0.999999,1e-06,1e-06,1e-06,1e-06
292,1e-06,0.999999,1e-06,1e-06,1e-06,0.999999,0.999999,1e-06
293,0.999999,1e-06,1e-06,1e-06,0.999999,0.999999,1e-06,0.999999
294,1e-06,1e-06,0.999999,1e-06,1e-06,1e-06,1e-06,1e-06
295,1e-06,1.5173008844265792e-06,0.999999,1e-06,0.999999,1e-06,0.999999,1e-06
296,1e-06,1e-06,1e-06,0.999999,0.0001296102037985425,1e-06,1e-06,1e-06
297,1e-06,1.2455934515501064e-06,0.999999,1.5385500394281416e-05,1e-06,0.999999,0.999999,8.334737457287224e-06
298,1e-06,5.473369819722757e-06,1e-06,1e-06,4.345697301076796e-06,1e-06,1e-06,0.999999
299,1e-06,0.999999,1e-06,0.999999,1e-06,1e-06,1e-06,0.999999
300,1e-06,1e-06,1e-06,0.999999,9.663342834986143e-05,1e-06,1e-06,1e-06
301,1e-06,1.4442046007950196e-05,1e-06,1e-06,1.2994707930695371e-05,1e-06,0.999999,5.688025750201934e-05
302,0.999999,0.999999,0.999999,1e-06,1e-06,1e-06,9.251272474947193e-06,1e-06
303,1e-06,1.2449849355599061e-05,1e-06,2.2059989427259245e-06,1e-06,0.999999,0.999999,1e-06
304,1e-06,1e-06,1e-06,0.00028040633251300034,1e-06,1e-06,1e-06,1e-06
305,1e-06,0.999999,0.999999,0.999999,1e-06,1e-06,1e-06,1e-06
306,1e-06,1e-06,1e-06,0.999999,0.999999,1e-06,1e-06,1e-06
307,1e-06,3.337734524631076e-05,0.999999,1e-06,1e-06,1e-06,0.999999,1e-06
308,1e-06,1e-06,0.999999,1e-06,1e-06,1e-06,0.999999,1e-06
309,1e-06,0.999999,0.999999,0.999999,6.7278583287820105e-06,1e-06,1e-06,1e-06
310,1e-06,1e-06,1e-06,1e-06,1e-06,1e-06,1e-06,0.999999
311,0.999999,1e-06,1e-06,1e-06,0.9986315570643978,0.999999,1e-06,1e-06
312,0.999999,1e-06,1e-06,1e-06,2.860944380614071e-05,1e-06,1e-06,1e-06
313,1e-06,0.999999,1e-06,1e-06,0.999999,1e-06,0.999999,0.999999
314,0.999999,0.999999,1e-06,1e-06,1e-06,1e-06,0.999999,0.999999
315,1e-06,1.8863806771639351e-06,1e-06,0.999999,0.999999,1e-06,0.999999,0.00013721894646473486
316,0.999999,1e-06,1e-06,1e-06,1e-06,0.999999,0.999999,1e-06
317,1e-06,1.3008696766450046e-06,1e-06,1e-06,0.999999,1e-06,1e-06,1e-06
318,1e-06,0.999999,1e-06,1e-06,3.2643940537889154e-06,1e-06,1e-06,0.999999
319,1e-06,1e-06,1e-06,0.999999,1e-06,1e-06,1e-06,1e-06
320,1e-06,1e-06,1e-06,1e-06,0.006095916958201563,1e-06,1e-06,0.999999
321,1e-06,1e-06,0.999999,1e-06,1e-06,1e-06,1e-06,1e-06
322,0.999999,1e-06,1e-06,1.0878674242125522e-05,1e-06,1e-06,1e-06,1e-06
323,0.999999,1e-06,9.911183226030346e-05,1e-06,1e-06,0.999999,0.999999,0.999999
324,1e-06,1e-06,1e-06,1e-06,5.77340026682711e-06,1e-06,1e-06,1e-06
325,1e-06,0.999999,1e-06,1e-06,1e-06,1e-06,1e-06,1e-06
326,1e-06,1e-06,4.082224656287612e-06,1e-06,3.1915296671851504e-06,1e-06,1e-06,1.263033960107157e-06
327,1e-06,0.999999,1e-06,1e-06,0.999999,1e-06,1e-06,1e-06
328,1e-06,1e-06,1e-06,0.999999,0.999999,1e-06,0.999999,1e-06
329,1e-06,0.999999,1e-06,0.999999,0.0014531202502041777,1e-06,5.9062815305352725e-06,0.999999
330,1e-06,1e-06,1e-06,1e-06,0.005166678531337936,1e-06,1e-06,1e-06
331,0.999999,1.3931523733416918e-05,1e-06,1e-06,2.0704500752277026e-05,1e-06,1e-06,1e-06
332,0.999999,1e-06,1e-06,0.999999,1e-06,1e-06,0.999999,1e-06
333,1e-06,2.2909580975269266e-06,0.999999,0.999999,1e-06,1e-06,1e-06,1.0505633331371704e-06
334,0.999999,0.999999,1e-06,1e-06,1e-06,1e-06,0.999999,1e-06
335,1e-06,1e-06,0.999999,1e-06,2.900669766496498e-05,1e-06,0.999999,1e-06
336,1e-06,1.6863079392508824e-05,1e-06,1e-06,1e-06,0.999999,1e-06,0.00021696147328478858
337,1e-06,1.0087335630940847e-06,1e-06,1.1285566025415454e-06,0.003740982829210911,1e-06,1e-06,1e-06
338,1e-06,1e-06,1e-06,1e-06,0.0062202186252519635,0.999999,4.769575062648275e-05,1e-06
339,0.999999,1e-06,1e-06,0.999999,1e-06,0.999999,0.999999,1e-06
340,0.999999,1e-06,1.6111817582098116e-06,1e-06,0.004976324468590585,0.999999,1e-06,0.999999
341,1e-06,4.006635908244159e-06,1e-06,1.9885517728142717e-06,0.999999,1e-06,1e-06,1e-06
342,1e-06,1e-06,0.999999,1e-06,1e-06,0.00013690494215295285,1e-06,1e-06
343,0.999999,0.000833652653498321,1e-06,1e-06,1e-06,1e-06,1e-06,1e-06
344,1e-06,1e-06,0.999999,1e-06,1e-06,1e-06,1e-06,0.999999
345,1e-06,0.999999,1e-06,1e-06,0.999999,1e-06,0.999999,1e-06
346,0.999999,1e-06,1e-06,1e-06,1e-06,1e-06,0.999999,0.999999
347,1e-06,0.999999,1.1939190415828979e-05,1e-06,0.999999,2.0458690081135134e-06,1e-06,0.999999
348,1e-06,1.5399519697721394e-05,1e-06,1e-06,0.999999,1e-06,0.999999,1e-06
349,0.999999,0.999999,1e-06,0.999999,0.999999,1e-06,1e-06,1e-06
350,1e-06,8.736713490471379e-05,0.999999,1.25928420314187e-06,1e-06,1e-06,1e-06,1e-06
351,1e-06,1e-06,1e-06,1e-06,1e-06,1e-06,0.999999,1e-06
352,1e-06,1e-06,1e-06,1e-06,0.999999,1e-06,1e-06,0.999999
353,1e-06,1e-06,0.999999,0.999999,1e-06,0.999999,1e-06,1e-06
354,1e-06,1e-06,1e-06,0.999999,1e-06,1e-06,1e-06,1e-06
355,1e-06,1e-06,1e-06,1e-06,0.03276551752450654,1e-06,1e-06,1e-06
356,1e-06,1.9069816161146852e-06,1e-06,3.1271990572100953e-06,1e-06,1e-06,1e-06,1e-06
357,1e-06,0.999999,0.999999,5.96026651763588e-06,0.00014984541553147353,1e-06,1e-06,1e-06
358,0.999999,3.73411665557228e-05,1e-06,1e-06,1e-06,0.999999,1e-06,1e-06
359,1e-06,0.999999,1e-06,1e-06,0.999999,1e-06,1e-06,1e-06
360,0.999999,1e-06,0.999999,1e-06,0.999999,1e-06,1e-06,0.999999
361,0.999999,1e-06,6.825623817703839e-05,1e-06,4.123072817609981e-06,1e-06,1e-06,1e-06
362,1e-06,1e-06,1e-06,1e-06,0.00011382234916335857,0.999999,0.999999,1e-06
363,1e-06,2.458519642027154e-06,0.999999,1e-06,2.22081831543142e-05,1e-06,0.9978529389746285,0.999999
364,1e-06,1e-06,0.999999,1e-06,1e-06,1e-06,1e-06,1e-06
365,1e-06,5.098113729545342e-06,1e-06,0.999999,2.231499106940449e-05,1e-06,1e-06,1e-06
366,1e-06,1e-06,1e-06,0.999999,0.0008231530926526625,1e-06,1e-06,2.4598237782209403e-05
367,1e-06,0.999999,1e-06,0.999999,1e-06,1e-06,1e-06,1e-06
368,1e-06,1e-06,1e-06,1e-06,1e-06,0.999999,1e-06,1e-06
369,0.999999,0.999999,1e-06,1e-06,1e-06,1e-06,0.999999,1e-06
370,0.999999,1e-06,1e-06,1e-06,7.54195004658971e-06,0.999999,0.999999,1e-06
371,1e-06,1e-06,0.999999,0.999999,7.69533510223354e-05,1e-06,1e-06,1e-06
372,1e-06,1e-06,0.999999,1e-06,0.999999,1e-06,0.999999,0.999999
373,1e-06,0.999999,1e-06,0.999999,0.0026957208435800725,1e-06,0.999999,0.0005802703035333879
374,1e-06,1e-06,0.999999,1e-06,1e-06,0.999999,0.999999,1e-06
375,1e-06,1e-06,0.999999,1e-06,1e-06,1e-06,1e-06,3.7847224851381206e-05
376,0.999999,1e-06,0.999999,0.999999,1e-06,0.999999,0.999999,1e-06
377,0.999999,0.999999,1e-06,1e-06,1e-06,1.1512459801958262e-06,0.999999,0.999999
378,1e-06,4.002250492562891e-06,1e-06,1e-06,1e-06,1e-06,1e-06,1e-06
379,1e-06,1e-06,0.999999,0.999999,0.999999,1e-06,0.999999,0.999999
380,0.999999,1e-06,1e-06,1e-06,1e-06,1e-06,1e-06,1e-06
381,1e-06,1e-06,1e-06,1e-06,1e-06,0.999999,1e-06,1e-06
382,1e-06,2.8947151258170252e-06,1e-06,9.55255548352007e-06,7.763949755251966e-05,0.999999,0.999999,1e-06
383,1e-06,1e-06,1e-06,1e-06,1e-06,1e-06,1e-06,1e-06
384,1e-06,1e-06,0.999999,1e-06,1e-06,1e-06,1e-06,1e-06
385,1e-06,2.617006684931962e-06,1e-06,0.999999,1e-06,1e-06,1e-06,1e-06
386,1e-06,1e-06,1e-06,1e-06,1e-06,1e-06,1e-06,1e-06
387,1e-06,2.0353330807111426e-06,0.999999,1e-06,0.0031785169018650693,0.999999,1e-06,1e-06
388,1e-06,7.393880198035183e-05,1e-06,0.999999,0.999999,1e-06,0.999999,0.999999
389,1e-06,0.999999,0.999999,0.999999,0.09619331707282656,1e-06,1e-06,1e-06
390,1e-06,1e-06,0.999999,1e-06,0.999999,1e-06,1e-06,0.999999
391,1e-06,0.999999,1e-06,1e-06,1e-06,1e-06,0.999999,0.999999
392,1e-06,1e-06,1e-06,1e-06,2.0059021928005434e-05,1e-06,1e-06,1e-06
393,1e-06,0.999999,0.999999,0.999999,1e-06,1e-06,0.999999,1e-06
394,0.999999,1e-06,1e-06,1e-06,1e-06,0.999999,0.999999,1e-06
395,0.999999,5.161110453249309e-05,1e-06,1e-06,0.999999,0.999999,1e-06,0.999999
396,1e-06,8.337257155959523e-06,1e-06,1e-06,0.0069992462798265575,1e-06,1e-06,1e-06
397,0.999999,0.999999,1e-06,1e-06,1e-06,1e-06,0.999999,1e-06
398,1e-06,0.999999,0.999999,0.999999,1e-06,1e-06,1e-06,0.999999
399,1e-06,1e-06,1e-06,0.999999,0.0037047366013733696,1e-06,0.999999,0.999999
400,0.999999,1e-06,1e-06,1e-06,1e-06,1e-06,1e-06,0.00015039042644847278
401,1e-06,1e-06,2.740884699026092e-06,1.7085828911074043e-06,0.007679383433253541,0.999999,0.999999,1.0188767135344823e-06
402,1e-06,0.999999,1e-06,1e-06,1e-06,1e-06,0.999999,0.999999
403,1e-06,0.999999,1e-06,1e-06,0.999999,1e-06,0.999999,0.999999
404,1e-06,1e-06,0.999999,0.999999,0.999999,1e-06,0.999999,0.999999
405,1e-06,1.2305279700206804e-05,1e-06,0.999999,0.999999,0.999999,0.999999,0.999999
406,0.999999,1e-06,1e-06,1e-06,1e-06,1e-06,1e-06,1e-06
407,1e-06,1.5312485107723664e-06,0.999999,1e-06,0.999999,1e-06,1e-06,1e-06
408,1e-06,0.999999,1e-06,0.999999,1e-06,0.999999,1e-06,2.1922301511984726e-05
409,1e-06,0.999999,1e-06,1e-06,8.580811637697404e-06,1e-06,1e-06,0.999999
410,0.999999,1e-06,1e-06,1e-06,0.999999,1e-06,0.999999,1e-06
411,0.999999,4.561335235156222e-06,1e-06,1e-06,1e-06,1e-06,0.999999,1e-06
412,1e-06,1e-06,1e-06,4.378299866302166e-06,0.999999,0.999999,1e-06,1e-06
413,1e-06,3.459185034306803e-05,0.999999,1e-06,0.00610282934618208,1e-06,1e-06,1e-06
414,1e-06,1e-06,0.999999,1e-06,0.999999,0.999999,1e-06,1e-06
415,0.999999,1.6855656289571617e-06,1e-06,1e-06,0.999999,1e-06,0.999999,1e-06
416,1e-06,0.999999,1e-06,0.999999,0.999999,1e-06,0.999999,1e-06
417,1e-06,0.999999,1e-06,1.8833627253530315e-06,6.187717652936437e-06,0.999999,1e-06,0.999999
418,1e-06,1.5122767936574618e-05,1e-06,0.999999,1e-06,0.999999,1.935801093501242e-06,1e-06
419,1e-06,1e-06,1e-06,1e-06,4.5657117938656454e-05,1e-06,1e-06,1e-06
420,0.999999,1e-06,0.999999,1e-06,0.9999988408121763,1e-06,0.999999,0.999999
421,1e-06,0.999999,1e-06,1e-06,1e-06,1e-06,1e-06,1e-06
422,1e-06,1e-06,1e-06,0.999999,1e-06,1e-06,0.999999,1e-06
423,0.999999,0.999999,1e-06,1e-06,1e-06,0.999999,0.999999,1e-06
424,1e-06,3.521787556585486e-05,1e-06,1e-06,1e-06,0.999999,4.462595103809609e-05,1e-06
425,0.999999,1.4504863555760526e-06,1e-06,1e-06,1e-06,1e-06,0.999999,1e-06
426,0.999999,1e-06,8.09300738367888e-05,1.5832032786816353e-05,1e-06,1e-06,0.999999,1e-06
427,1e-06,1e-06,0.999999,0.999999,1e-06,0.999999,0.999999,0.999999
428,0.999999,8.034314739719267e-06,1e-06,1e-06,1e-06,1e-06,1e-06,1e-06
429,1e-06,4.1093744177858104e-05,1e-06,1.63896113843661e-06,0.0012304540824427859,1e-06,1e-06,1e-06
430,1e-06,1e-06,1e-06,0.999999,1e-06,0.999999,0.999999,0.999999
431,1e-06,1e-06,1e-06,1e-06,0.004648076662743552,1e-06,1.1592651374327816e-05,1e-06
432,1e-06,1e-06,0.999999,1e-06,1e-06,1e-06,1e-06,1e-06
433,1e-06,1e-06,0.999999,1e-06,0.999999,1e-06,0.999999,0.999999
434,1e-06,1e-06,0.999999,1e-06,1e-06,0.999999,0.999999,1e-06
435,1e-06,1e-06,1e-06,1e-06,0.999999,0.999999,0.999999,1e-06
436,1e-06,0.999999,1e-06,1e-06,1e-06,1e-06,1e-06,1e-06
437,1e-06,1e-06,1e-06,1e-06,0.999999,1e-06,1e-06,1e-06
438,1e-06,1e-06,1e-06,0.999999,1.7104069498257173e-05,1.8766862638228241e-06,0.999999,0.999999
439,1e-06,1e-06,1e-06,1e-06,9.264097860784512e-05,0.999999,1e-06,1.065731994021439e-05
440,1e-06,1e-06,1e-06,1e-06,0.00013639793167427727,0.999999,1e-06,1e-06
441,1e-06,0.999999,1e-06,1e-06,1e-06,1e-06,0.999999,0.999999
442,1e-06,1e-06,1e-06,0.999999,6.900343977728572e-06,0.999999,1e-06,1e-06
443,1e-06,1e-06,1e-06,1e-06,2.2343162738366714e-05,1e-06,1e-06,1e-06
444,1e-06,1.6505846044504754e-05,1e-06,1e-06,1e-06,1e-06,1e-06,0.999999
445,1e-06,1e-06,1e-06,1.5074386641695201e-06,1e-06,1e-06,1e-06,1e-06
446,1e-06,1e-06,0.999999,1e-06,1.6600632371662319e-06,1e-06,1e-06,9.570285274236647e-06
447,1e-06,3.192546833860408e-05,0.999999,1e-06,1.4981770031282171e-05,1e-06,1e-06,1e-06
448,1e-06,1e-06,1e-06,0.999999,1e-06,1e-06,1e-06,1e-06
449,0.999999,1.6597819706770052e-05,0.999999,1e-06,3.356030242764158e-05,1e-06,1e-06,1e-06
450,1e-06,1e-06,0.999999,1e-06,0.999999,1e-06,0.999999,1e-06
451,1e-06,3.4804259594429114e-06,0.999999,5.86557351217061e-06,0.999999,1e-06,1e-06,1e-06
452,1e-06,1e-06,1e-06,1e-06,1e-06,1e-06,1e-06,1e-06
453,1e-06,1e-06,0.999999,1e-06,0.999999,1e-06,1e-06,1e-06
454,1e-06,0.999999,1e-06,1e-06,1e-06,0.999999,1e-06,1.2706236559489243e-06
455,1e-06,0.999999,1e-06,1e-06,1e-06,1e-06,0.999999,0.999999
456,1e-06,0.999999,1e-06,0.999999,0.999999,1e-06,0.999999,1e-06
457,1e-06,0.999999,1e-06,0.999999,1.4523916755968915e-05,1e-06,1e-06,1e-06
458,0.999999,1e-06,1e-06,0.999999,0.999999,1e-06,1e-06,1.3803283039502043e-06
459,1e-06,1e-06,1e-06,0.999999,9.092074816585547e-05,1e-06,0.999999,0.999999
460,1e-06,1e-06,0.999999,1e-06,1e-06,1e-06,1e-06,0.999999
461,1e-06,1e-06,0.999999,1e-06,0.999999,0.999999,1e-06,1e-06
462,1e-06,1e-06,1e-06,1e-06,1.9034904301587118e-05,1e-06,1e-06,1.062734108620658e-06
463,1e-06,2.8407410020537993e-05,1e-06,0.999999,0.999999,0.999999,1e-06,1e-06
464,1e-06,1e-06,1e-06,1e-06,0.0026173555345184686,1e-06,1e-06,1e-06
465,1e-06,0.999999,1e-06,1e-06,0.999999,1e-06,0.999999,0.999999
466,1e-06,4.493245588116375e-06,0.999999,0.999999,1e-06,0.999999,1e-06,0.999999
467,1e-06,1e-06,1e-06,1e-06,0.999999,0.999999,1e-06,1e-06
468,1e-06,1e-06,0.999999,1e-06,0.006043800317387558,1e-06,1e-06,1e-06
469,1e-06,2.7971905043241665e-05,0.999999,1e-06,1e-06,1e-06,1e-06,1e-06
470,1e-06,0.999999,1e-06,0.999999,0.999999,3.7022864868979854e-06,1e-06,1e-06
471,1e-06,6.132518755894776e-06,1e-06,1e-06,4.527268054066722e-06,1e-06,1e-06,1e-06
472,1e-06,1e-06,0.999999,1e-06,1e-06,1e-06,1e-06,6.621125042646422e-06
473,1e-06,1e-06,0.999999,1e-06,1.6357906874555378e-06,1e-06,8.063013455211716e-05,0.999999
474,1e-06,7.11330502147892e-05,1e-06,0.999999,1e-06,1e-06,0.999999,0.999999
475,0.999999,9.316267554297331e-06,1e-06,1e-06,0.006145321944364304,1e-06,1e-06,0.999999
476,0.999999,1e-06,1e-06,1e-06,1e-06,1e-06,1e-06,1.53988251052568e-06
477,1e-06,0.999999,1e-06,1e-06,0.04087634237259632,1e-06,1e-06,1e-06
478,0.999999,1e-06,1e-06,1e-06,1e-06,1e-06,1e-06,1e-06
479,1e-06,1.0221042773031208e-06,1e-06,0.999999,1e-06,1e-06,0.999999,0.999999
480,1e-06,1e-06,0.999999,1.9539115420515167e-06,1e-06,1e-06,0.999999,0.999999
481,1e-06,1.1692427669741564e-05,1e-06,0.999999,1e-06,1e-06,1e-06,1e-06
482,1e-06,0.999999,1e-06,4.1533429572086475e-06,0.999999,0.999999,1e-06,1e-06
483,1e-06,0.999999,1e-06,1e-06,1e-06,0.999999,0.999999,0.999999
484,1e-06,0.999999,1e-06,1e-06,1e-06,1e-06,0.999999,0.999999
485,1e-06,1.9667753683854063e-06,1e-06,0.999999,0.004886001730640534,1e-06,1e-06,1e-06
486,1e-06,0.00030114215722375947,0.999999,1e-06,0.00013067658585743806,1e-06,1e-06,0.999999
487,1e-06,1.776497978300619e-05,0.999999,1e-06,2.233296284929582e-05,1e-06,0.999999,1e-06
488,1e-06,0.999999,1e-06,1e-06,0.999999,1e-06,0.999999,0.999999
489,0.999999,0.999999,0.999999,1e-06,0.999999,1e-06,0.999999,0.999999
490,1e-06,1e-06,0.999999,1e-06,0.005611385457557273,1e-06,1e-06,1e-06
491,1e-06,1e-06,1e-06,1e-06,2.23773734728103e-05,1e-06,1e-06,0.999999
492,1e-06,0.00031724613126034556,2.996685318099676e-05,0.999999,1e-06,1e-06,0.999999,1e-06
493,0.999999,1.268936546960736e-05,1e-06,1e-06,0.999999,1e-06,1e-06,1e-06
494,1e-06,1e-06,1e-06,1e-06,0.999999,1e-06,1e-06,0.999999
495,1e-06,1e-06,1e-06,1e-06,1e-06,1e-06,1e-06,1e-06
496,1e-06,1e-06,0.999999,1.2665286199553429e-06,0.0043325652639510034,1e-06,0.999999,1e-06
497,1e-06,0.999999,1e-06,1.9494769127808816e-06,1e-06,1e-06,1e-06,1e-06
498,1e-06,1e-06,1e-06,2.035941108021661e-06,0.999999,0.999999,1e-06,1e-06
499,1e-06,6.203230367719974e-06,1e-06,1e-06,1e-06,1e-06,0.999999,1e-06
500,0.999999,1.5986873499911944e-06,1e-06,1.0089350370864079e-06,1e-06,0.999999,1e-06,1e-06
501,1e-06,1e-06,2.009446231830412e-06,1e-06,0.999999,1e-06,1e-06,1e-06
502,1e-06,0.999999,1e-06,0.999999,2.0326403535804634e-05,1e-06,0.999999,1e-06
503,1e-06,1e-06,1e-06,1e-06,2.1239249207328247e-05,1e-06,1e-06,1e-06
504,0.999999,8.58845290261802e-05,1e-06,1e-06,1e-06,0.999999,0.999999,0.999999
505,1e-06,1e-06,1e-06,0.999999,1e-06,1e-06,1e-06,1e-06
506,1e-06,1e-06,1e-06,1e-06,0.999999,0.999999,1e-06,1e-06
507,1e-06,1e-06,1e-06,1e-06,0.999999,1e-06,0.999999,1e-06
508,0.999999,1e-06,0.999999,1e-06,1e-06,1e-06,0.999999,0.999999
509,1e-06,1e-06,1e-06,1e-06,0.00010281026642642893,0.999999,1e-06,1e-06
510,1e-06,1e-06,1e-06,1.0633173554193133e-05,3.6985153877148122e-06,1e-06,1e-06,1.7866216758659143e-06
511,1e-06,1.019314180311803e-06,1e-06,1e-06,0.999999,1e-06,1e-06,1e-06
512,0.999999,1e-06,1e-06,0.999999,0.011565384827131875,1e-06,1e-06,0.999999
513,1e-06,0.999999,1e-06,0.999999,0.999999,1e-06,1e-06,1e-06
514,1e-06,1e-06,0.999999,1e-06,0.001522245682409511,1e-06,1e-06,1e-06
515,1e-06,1e-06,1e-06,1e-06,0.999999,1e-06,1e-06,1e-06
516,1e-06,0.002880073647681354,1e-06,0.999999,0.006221557842642223,0.999999,0.999999,1e-06
517,1e-06,0.999999,1e-06,0.999999,0.999999,1e-06,1e-06,1e-06
518,1e-06,4.0579640065669725e-06,1e-06,0.999999,0.999999,1e-06,0.999999,1e-06
519,1e-06,0.999999,1e-06,0.999999,0.999999,0.999999,0.999999,0.999999
520,0.999999,0.003079009187712757,0.999999,0.999999,0.999999,0.999999,1e-06,0.999999
521,1e-06,1e-06,1e-06,1e-06,0.999999,1e-06,1e-06,1e-06
522,1e-06,0.999999,1e-06,1e-06,0.999999,0.999999,0.999999,0.999999
523,1e-06,1e-06,1e-06,0.999999,1e-06,1e-06,1e-06,0.999999
524,1e-06,0.999999,1e-06,1e-06,0.9999943529069374,0.999999,0.999999,0.999999
525,0.999999,2.8485734736075945e-06,1e-06,1e-06,0.001938143579060072,1e-06,1e-06,1e-06
526,1e-06,1e-06,1e-06,1e-06,1e-06,1e-06,1e-06,0.00562646442522601
527,1e-06,0.999999,1e-06,1e-06,0.00592350682634177,1e-06,1e-06,1e-06
528,1e-06,1e-06,1e-06,1e-06,1e-06,0.999999,1e-06,1e-06
529,1e-06,1.799590674458315e-06,1e-06,0.999999,0.0001602948582331377,1e-06,1e-06,0.999999
530,1e-06,0.999999,1e-06,1e-06,1e-06,1e-06,1e-06,1e-06
531,1e-06,0.9999954772611088,0.999999,0.00011766142023388607,4.456757543759916e-06,0.999999,0.999999,1e-06
532,1e-06,1e-06,1e-06,1e-06,1e-06,0.999999,1e-06,5.932510445457294e-06
533,1e-06,0.999999,1e-06,0.999999,0.999999,1e-06,0.999999,1e-06
534,0.999999,1e-06,1e-06,1e-06,1.8534014523528717e-05,1e-06,1e-06,0.999999
535,1e-06,0.999999,1e-06,0.999999,2.029446576282498e-06,1e-06,1e-06,0.999999
536,0.999999,1.762809193921786e-05,0.999999,1e-06,0.00024269491275481333,1e-06,1e-06,1e-06
537,0.999999,0.999999,1e-06,1e-06,2.055313715870951e-05,1e-06,1e-06,0.999999
538,1e-06,1.1535395666935902e-06,1e-06,1e-06,3.399763151100293e-06,1e-06,1e-06,0.999999
539,0.999999,0.999999,1e-06,1e-06,1e-06,1e-06,1e-06,1e-06
540,1e-06,0.999999,1e-06,3.636679612794951e-06,5.6462332099280505e-05,1e-06,0.999999,0.999999
541,1e-06,4.830103859574089e-06,1e-06,0.999999,1e-06,1e-06,1e-06,0.999999
542,1e-06,1.6036907522710488e-06,0.999999,1e-06,0.999999,1e-06,1e-06,1e-06
543,0.999999,6.71389290804447e-06,1e-06,0.999999,0.999999,1e-06,1e-06,1e-06
544,1e-06,1e-06,1e-06,1e-06,1e-06,0.999999,0.999999,0.999999
545,0.999999,1e-06,1e-06,1e-06,0.999999,0.999999,0.999999,1e-06
546,0.999999,2.0532174000727276e-06,1e-06,1e-06,1.2536740973437157e-05,2.1478183243186885e-06,1e-06,1e-06
547,0.999999,1e-06,1e-06,1e-06,0.999999,0.999999,1e-06,1e-06
548,1e-06,1e-06,1e-06,1e-06,1e-06,0.999999,1e-06,1e-06
549,1e-06,1.7416596221720768e-05,1e-06,1e-06,1e-06,0.999999,1e-06,1e-06
550,1e-06,1e-06,1e-06,0.999999,2.1139659348544993e-05,1e-06,0.999999,1e-06
551,1e-06,1e-06,1e-06,0.999999,0.999999,1e-06,0.999999,1e-06
552,1e-06,1e-06,0.999999,1e-06,5.719143772085489e-06,1e-06,0.0002342144158892187,1e-06
553,0.999999,1e-06,1e-06,1e-06,1e-06,1e-06,2.7445237662829316e-05,0.999999
554,0.999999,1e-06,1e-06,1e-06,1e-06,0.999999,1e-06,0.999999
555,1e-06,1e-06,0.999999,1e-06,1.3936145801107412e-05,1e-06,1e-06,4.12097636580241e-06
556,1e-06,1e-06,1e-06,1e-06,1e-06,0.999999,1e-06,1e-06
557,1e-06,0.0005390353639666647,1e-06,0.999999,1e-06,1e-06,0.999999,1e-06
558,1e-06,0.999999,0.999999,1e-06,0.00945163855267475,1e-06,0.999999,1e-06
559,1e-06,1e-06,1e-06,0.999999,1e-06,0.999999,0.999999,1e-06
560,0.999999,0.999999,1e-06,1.58487807636574e-06,0.999999,1e-06,0.999999,1e-06
561,1e-06,1e-06,1e-06,0.999999,0.0014758622180625883,1e-06,1e-06,1e-06
562,0.999999,1e-06,0.999999,1e-06,1e-06,1e-06,1e-06,1e-06
563,1e-06,0.999999,0.999999,1e-06,7.972569511845568e-06,0.999999,1e-06,1e-06
564,1e-06,1e-06,1e-06,0.999999,1e-06,1e-06,1e-06,1e-06
565,1e-06,1e-06,1e-06,0.999999,0.9667614767071709,0.999999,1e-06,1e-06
566,0.999999,1e-06,1e-06,1e-06,0.999999,1e-06,1e-06,1e-06
567,1e-06,0.999999,1e-06,1e-06,0.0011231950091974447,0.999999,1e-06,1e-06
568,0.999999,1e-06,1e-06,1e-06,0.999999,1e-06,0.999999,0.999999
569,1e-06,1.2378519140552652e-06,0.999999,1e-06,0.999999,1e-06,0.999999,1e-06
570,1e-06,1e-06,0.999999,1e-06,0.999999,0.999999,1e-06,1e-06
571,1e-06,0.999999,1e-06,1.1001160331233272e-05,1e-06,1e-06,1e-06,1e-06
572,1e-06,1e-06,1e-06,1e-06,1e-06,1e-06,0.999999,0.999999
573,0.999999,1e-06,1e-06,1e-06,1e-06,1e-06,1e-06,1e-06
574,0.999999,1e-06,0.999999,0.999999,1e-06,1e-06,0.999999,1e-06
575,1e-06,1e-06,1e-06,1e-06,0.999999,1e-06,1e-06,1e-06
576,0.999999,0.999999,1e-06,0.999999,0.999999,1e-06,1e-06,1e-06
577,1e-06,0.999999,0.999999,1e-06,1e-06,1e-06,0.999999,3.7664244092573968e-06
578,1e-06,1e-06,0.999999,1.0175044385183505e-06,1e-06,1e-06,1e-06,1e-06
579,1e-06,0.999999,1e-06,0.999999,1e-06,0.999999,1e-06,1e-06
580,1e-06,0.999999,1e-06,1e-06,1e-06,1e-06,0.999999,1e-06
581,1e-06,3.861383969408854e-06,1e-06,0.999999,1e-06,1e-06,1e-06,0.999999
582,1e-06,1e-06,1e-06,0.999999,0.999999,1e-06,1e-06,1e-06
583,1e-06,0.999999,1e-06,0.999999,1e-06,0.999999,0.999999,0.999999
584,1e-06,1e-06,1e-06,0.999999,1e-06,1e-06,1e-06,0.999999
585,0.999999,4.9736325446164625e-06,1e-06,1.0783337153804116e-05,1e-06,1e-06,1e-06,1e-06
586,1e-06,1.0272854718165817e-06,0.999999,1e-06,2.167379279987232e-05,1e-06,1e-06,2.47556677528529e-06
587,1e-06,0.999999,0.999999,0.999999,1e-06,0.999999,1e-06,1e-06
588,1e-06,1e-06,1e-06,1.918872845519165e-05,0.999999,1e-06,0.999999,8.908593928950949e-05
589,1e-06,0.999999,1e-06,1e-06,0.0038381133142594355,0.999999,1e-06,0.999999
590,0.999999,1e-06,0.999999,1e-06,6.631992238879996e-05,0.999999,0.999999,0.999999
591,1e-06,0.999999,0.999999,1e-06,8.829276597662805e-05,1e-06,0.999999,0.999999
592,1e-06,0.999999,0.999999,1e-06,1e-06,1e-06,0.999999,1e-06
593,0.999999,1e-06,1e-06,1e-06,0.999999,1e-06,0.999999,0.999999
594,0.999999,1e-06,1e-06,1e-06,1e-06,1e-06,1e-06,1e-06
595,1e-06,0.999999,0.999999,1e-06,1e-06,1e-06,1e-06,1e-06
596,1e-06,1e-06,1e-06,0.999999,2.1519884565859645e-05,1e-06,1e-06,0.999999
597,1e-06,1e-06,1e-06,1e-06,1e-06,0.999999,1e-06,0.999999
598,1e-06,1.0947269778225635e-05,1e-06,1e-06,0.0008301919348528546,0.999999,1e-06,1e-06
599,1e-06,1e-06,1e-06,0.999999,0.999999,1e-06,1e-06,0.999999
600,1e-06,0.999999,1e-06,1e-06,1e-06,1e-06,0.999999,0.999999
601,1e-06,0.999999,1e-06,1.206658864411812e-06,1e-06,0.999999,1e-06,5.176661805035126e-06
602,1e-06,1e-06,1e-06,0.999999,1e-06,1e-06,1e-06,1e-06
603,0.999999,0.999999,0.999999,1e-06,1e-06,1e-06,1e-06,1e-06
604,1e-06,0.999999,1e-06,1e-06,7.407838069914528e-06,1e-06,1e-06,1e-06
605,0.999999,1e-06,1e-06,1e-06,0.00013845363544173176,1e-06,1e-06,1e-06
606,0.999999,1e-06,1e-06,1e-06,0.02969605224053762,1e-06,1e-06,1e-06
607,0.999999,0.999999,0.999999,1e-06,0.01014825750949376,0.999999,1e-06,0.999999
608,1e-06,1e-06,1e-06,1e-06,1e-06,1e-06,1e-06,1e-06
609,1e-06,0.0002254968281926754,0.999999,1e-06,1e-06,0.999999,0.999999,1e-06
610,1e-06,0.999999,1e-06,1e-06,0.999999,1e-06,1e-06,1e-06
611,1e-06,1e-06,1e-06,1e-06,1e-06,1e-06,1e-06,1e-06
612,1e-06,1.1149628941518607e-06,1e-06,1e-06,0.005447595969456314,1e-06,1e-06,1e-06
613,1e-06,1e-06,1e-06,1e-06,1e-06,1e-06,1e-06,1e-06
614,1e-06,0.999999,1e-06,0.999999,0.0008859764179598481,1e-06,1e-06,1e-06
615,1e-06,1e-06,0.999999,0.999999,0.0073698947969351005,1e-06,0.999999,0.999999
616,1e-06,1e-06,1e-06,2.0394508926658457e-05,8.33764998053684e-06,0.999999,0.999999,0.999999
617,1e-06,1e-06,0.999999,1e-06,1e-06,1e-06,0.999999,1e-06
618,1e-06,1e-06,1e-06,0.999999,1e-06,1e-06,1e-06,9.575566195903065e-06
619,0.999999,0.999999,0.999999,0.999999,0.999999,1e-06,1e-06,1e-06
620,1e-06,1e-06,1e-06,0.999999,1e-06,1e-06,1e-06,1e-06
621,1e-06,0.999999,1e-06,1e-06,0.999999,1e-06,1e-06,1e-06
622,0.999999,1.1936961627145855e-05,1e-06,1e-06,0.999999,0.999999,1e-06,0.999999
623,1e-06,1e-06,1e-06,1e-06,1e-06,0.999999,0.999999,1e-06
624,1e-06,1.0346038451030052e-06,1e-06,0.999999,1e-06,1e-06,1e-06,1e-06
625,1e-06,0.999999,1e-06,0.999999,1e-06,1e-06,0.999999,0.999999
626,1e-06,1e-06,1e-06,0.999999,1e-06,1e-06,1e-06,1e-06
627,0.999999,1e-06,1e-06,1e-06,1e-06,1e-06,1e-06,1e-06
628,1e-06,1e-06,1e-06,1e-06,1e-06,1e-06,0.999999,1e-06
629,1e-06,1e-06,1e-06,0.999999,1e-06,0.999999,1e-06,1e-06
630,1e-06,0.999999,1e-06,1e-06,1e-06,1e-06,1e-06,0.999999
631,1e-06,0.999999,1e-06,8.413283657753997e-06,0.999999,1e-06,0.999999,1e-06
632,0.999999,1e-06,1e-06,1e-06,0.999979423477555,1e-06,0.999999,0.999999
633,1e-06,1e-06,1e-06,1e-06,1e-06,0.999999,0.999999,0.999999
634,0.999999,1e-06,1e-06,1e-06,0.999999,1e-06,1e-06,1e-06
635,0.999999,0.999999,1e-06,1e-06,0.00504540914198835,1e-06,1e-06,1.8645105536452677e-06
636,0.999999,3.4527551787240685e-05,1e-06,6.157488123204591e-06,1e-06,1e-06,0.999999,1e-06
637,1e-06,1e-06,1e-06,0.999999,1e-06,1e-06,0.999999,0.999999
638,0.999999,1e-06,1e-06,1e-06,0.006168358381766727,1e-06,1e-06,1e-06
639,1e-06,9.81244908251898e-06,0.999999,1e-06,1e-06,1e-06,0.999999,1e-06
640,0.999999,0.999999,1e-06,1e-06,6.810785409117706e-05,1e-06,1e-06,1e-06
641,1e-06,2.52230127526383e-06,0.999999,1.7396514759337281e-06,7.909251429177696e-06,1e-06,1e-06,1e-06
642,1e-06,0.999999,1e-06,1e-06,0.06461874669466283,1e-06,1e-06,0.999999
643,0.999999,2.878761829587404e-05,0.999999,1.3483050445340006e-06,0.0016318267352213734,1e-06,0.999999,1e-06
644,0.999999,1e-06,1e-06,1e-06,1e-06,1e-06,0.999999,1e-06
645,0.999999,0.999999,1e-06,1e-06,0.01273147659589357,1e-06,1e-06,0.999999
646,1e-06,1e-06,1e-06,1e-06,1e-06,0.999999,1e-06,1e-06
647,1e-06,0.999999,0.999999,1e-06,0.999999,0.999999,1e-06,1e-06
648,1e-06,1e-06,1e-06,1e-06,1e-06,1e-06,1e-06,0.999999
649,1e-06,1.9271237052045195e-05,0.999999,1e-06,0.0039187270383428995,1e-06,1e-06,1e-06
650,1e-06,3.6062469497275838e-06,1e-06,1e-06,2.7721329567788046e-05,0.999999,1e-06,0.999999
651,1e-06,4.189227196478369e-05,1e-06,1e-06,0.0091545733041834,1e-06,1e-06,0.999999
652,1e-06,0.999999,0.999999,1e-06,4.035349572630855e-06,0.999999,0.999999,1e-06
653,1e-06,1e-06,0.999999,1e-06,0.999999,1e-06,0.999999,0.999999
654,1e-06,1e-06,1e-06,1e-06,0.03283496232123816,1e-06,1e-06,0.999999
655,0.999999,1e-06,1e-06,1e-06,1e-06,0.999999,0.999999,1e-06
656,1e-06,0.999999,1e-06,7.998660688217273e-05,0.999999,1e-06,1e-06,3.9379336752087905e-06
657,1e-06,0.999999,1e-06,1e-06,0.010474953184656589,1e-06,1e-06,1e-06
658,1e-06,1e-06,1e-06,1e-06,1e-06,1e-06,1e-06,0.999999
659,1e-06,1e-06,1e-06,1e-06,0.0060362868265329715,1e-06,0.999999,1e-06
660,1e-06,0.999999,1e-06,0.999999,1e-06,0.999999,0.999974504735551,1e-06
661,1e-06,0.999999,1e-06,1e-06,0.999999,1e-06,0.999999,0.999999
662,1e-06,1e-06,0.999999,1e-06,2.2271587249260542e-05,1e-06,0.999999,1e-06
663,1e-06,0.999999,1e-06,1e-06,0.00017458814129827786,0.999999,0.999999,1e-06
664,0.999999,0.999999,1e-06,1e-06,1.265542211647104e-05,1e-06,1e-06,1e-06
665,1e-06,1e-06,0.999999,0.999999,1e-06,4.762203790992244e-05,1e-06,0.999999
666,1e-06,1e-06,1e-06,0.999999,0.999999,1e-06,1e-06,1e-06
667,1e-06,6.300621052726585e-06,1e-06,0.999999,1e-06,0.999999,1e-06,1e-06
668,1e-06,1.715619865162315e-05,1e-06,0.999999,0.999999,1e-06,1e-06,1e-06
669,1e-06,0.999999,1e-06,1e-06,1e-06,1e-06,1e-06,1e-06
670,1e-06,1e-06,1e-06,0.999999,1e-06,1e-06,0.999999,0.0005287241695890929
671,0.999999,1e-06,5.853597087572157e-05,1e-06,1e-06,1e-06,0.999999,0.999999
672,1e-06,1e-06,0.999999,1e-06,0.999999,1e-06,1e-06,1e-06
673,0.999999,1e-06,1e-06,2.348275231614814e-06,1e-06,2.5236670461945937e-06,0.999999,0.999999
674,1e-06,1e-06,0.999999,1e-06,0.999999,1e-06,0.999999,1e-06
675,1e-06,0.999999,1e-06,0.999999,1e-06,0.999999,0.999999,1e-06
676,1e-06,1e-06,0.999999,0.0004006046838862933,1e-06,1e-06,1e-06,1e-06
677,1e-06,0.999999,0.999999,1e-06,0.999999,0.999999,1e-06,0.999999
678,0.999999,1.8950806663028993e-05,1e-06,1e-06,1e-06,1e-06,0.999999,5.266161521285577e-06
679,0.999999,1e-06,0.999999,1e-06,1e-06,0.999999,0.999999,0.999999
680,1e-06,7.394415502598309e-06,1e-06,1e-06,1e-06,0.999999,3.60918052928844e-06,0.00013493152508762095
681,0.999999,1e-06,1e-06,1e-06,0.999999,1e-06,1e-06,1e-06
682,1e-06,1e-06,1e-06,0.999999,1e-06,1e-06,1e-06,1e-06
683,1e-06,1e-06,1e-06,1e-06,1.2130779631089495e-05,1e-06,1e-06,1e-06
684,0.999999,0.999999,1e-06,1e-06,0.999999,1e-06,3.795718274184001e-05,1e-06
685,1e-06,1e-06,1e-06,1e-06,0.005249700133770605,1e-06,1e-06,1e-06
686,0.999999,1e-06,1e-06,1e-06,1e-06,1e-06,1e-06,1e-06
687,1e-06,1e-06,1e-06,1e-06,1e-06,0.999999,1e-06,1e-06
688,1e-06,1e-06,1e-06,1e-06,0.999999,1e-06,1e-06,1e-06
689,1e-06,0.999999,1e-06,1e-06,0.0023654132951087797,1e-06,1e-06,1e-06
690,1e-06,1e-06,1e-06,1e-06,0.0054056583313609975,1e-06,1e-06,1e-06
691,1e-06,1e-06,1e-06,1.1200029358608189e-05,0.999999,0.999999,1e-06,1.5906179287113718e-06
692,1e-06,1e-06,1e-06,1e-06,1e-06,0.999999,1e-06,0.999999
693,1e-06,1e-06,1e-06,1e-06,8.085153194633072e-06,1e-06,1e-06,1e-06
694,1e-06,1e-06,1e-06,1e-06,1e-06,0.999999,1e-06,0.999999
695,1e-06,1e-06,1e-06,0.999999,1e-06,1e-06,0.999999,1e-06
696,0.999999,0.999999,1e-06,1e-06,0.999999,0.999999,0.999999,0.999999
697,1e-06,0.999999,1e-06,1e-06,0.999999,0.999999,1e-06,1e-06
698,1e-06,1e-06,1e-06,1e-06,1.8958622841793676e-06,1e-06,1e-06,1e-06
699,0.999999,2.8485734736075945e-06,1e-06,1e-06,0.001938143579060072,1e-06,1e-06,1e-06
700,0.999999,1e-06,1e-06,2.216635715219045e-06,1e-06,1e-06,1e-06,1e-06
701,1e-06,6.795599507104654e-06,1e-06,0.999999,0.999999,1e-06,0.999999,1e-06
702,1e-06,1.2816002778413993e-06,1e-06,1e-06,0.999999,1e-06,1e-06,1e-06
703,1e-06,0.9999976695988748,1e-06,0.999999,0.0375189701043681,1e-06,1e-06,1e-06
704,1e-06,0.999999,0.999999,1e-06,0.0002632026749203223,0.999999,1e-06,0.999999
705,1e-06,1e-06,0.999999,4.1630187489016337e-05,6.812843100070455e-05,0.999999,1e-06,5.840072695465633e-06
706,1e-06,0.00013839346063703224,0.999999,1e-06,0.999999,1e-06,1e-06,1e-06
707,1e-06,1e-06,1e-06,0.999999,1e-06,1e-06,0.999999,1e-06
708,1e-06,1e-06,0.999999,1e-06,0.006080099589772048,0.999999,1e-06,1e-06
709,0.999999,0.999999,1e-06,1e-06,0.9985391106054095,1e-06,1e-06,2.21298527259389e-05
710,1e-06,0.0004077261506435161,0.999999,0.999999,1e-06,1e-06,1e-06,1e-06
711,0.999999,1e-06,1e-06,1e-06,0.999999,0.999999,1e-06,1e-06
712,1e-06,1e-06,0.999999,1e-06,0.006188131117984222,1e-06,1e-06,1e-06
713,1e-06,0.999999,1e-06,1e-06,0.999999,1e-06,1e-06,1e-06
714,1e-06,1e-06,1e-06,1e-06,1e-06,1e-06,1e-06,1e-06
715,1e-06,3.642783442242634e-05,1e-06,0.999999,0.999999,1e-06,1e-06,0.999999
716,1e-06,4.7241488388385174e-06,1e-06,1e-06,1e-06,1e-06,1e-06,0.999999
717,0.999999,2.1193638130369005e-06,1.103136837058696e-06,0.999999,1e-06,1e-06,1e-06,1e-06
718,1e-06,0.999999,1e-06,1e-06,2.0267317210115137e-05,1e-06,1e-06,1e-06
719,1e-06,0.999999,1e-06,1e-06,1e-06,1e-06,1e-06,1e-06
720,0.999999,0.999999,1e-06,0.999999,0.9999968297441912,1e-06,0.999999,1e-06
721,1e-06,1e-06,1e-06,0.999999,1e-06,2.902914022267407e-06,1e-06,0.999999
722,1e-06,0.999999,1e-06,1e-06,1e-06,1e-06,0.999999,1e-06
723,1e-06,2.784305765084226e-06,1e-06,1e-06,1e-06,1e-06,0.999999,1.1185564604613146e-05
724,1e-06,0.00036415426944568565,0.999999,2.234641492956483e-06,1e-06,1e-06,0.999999,0.999999
725,1e-06,1e-06,1e-06,0.999999,0.999999,1e-06,0.999999,0.999999
726,0.999999,1e-06,1e-06,1e-06,0.999999,1e-06,1e-06,0.999999
727,0.999999,1e-06,1e-06,1e-06,0.999999,1e-06,1e-06,0.999999
728,1e-06,1e-06,0.999999,1e-06,1e-06,0.999999,1e-06,1e-06
729,1e-06,0.999999,1.0026260563457171e-06,1e-06,0.999999,1e-06,1e-06,0.999999
730,1e-06,1e-06,1e-06,1e-06,1e-06,1e-06,1e-06,1e-06
731,1e-06,0.999999,1e-06,1e-06,1e-06,1e-06,1e-06,1e-06
732,1e-06,1e-06,1e-06,1e-06,1e-06,1e-06,0.999999,0.999999
733,1e-06,0.999999,0.999999,0.999999,0.999999,1e-06,0.999999,1e-06
734,1e-06,1e-06,1e-06,0.999999,0.02043128498303883,0.999999,1e-06,1e-06
735,1e-06,1e-06,1e-06,1e-06,0.999999,1e-06,1e-06,1e-06
736,1e-06,1e-06,1e-06,1.99275120138989e-06,1e-06,1e-06,1e-06,1.630462074481208e-06
737,1e-06,0.999999,0.999999,0.999999,1e-06,1e-06,1e-06,1e-06
738,1e-06,1e-06,1e-06,0.999999,1e-06,0.999999,1e-06,1e-06
739,0.999999,1e-06,1e-06,1e-06,0.02367771309869907,1e-06,1e-06,1e-06
740,0.999999,0.999999,1e-06,1e-06,1.1945358277827643e-05,1e-06,1e-06,1e-06
741,1e-06,5.2445265975916925e-06,1e-06,0.999999,0.999999,1e-06,0.999999,1e-06
742,1e-06,1e-06,1e-06,2.6960201067014885e-06,0.00021527797704185193,0.999999,1e-06,1e-06
743,1e-06,1e-06,0.999999,1e-06,2.6602544332415873e-06,1e-06,1e-06,1e-06
744,0.999999,7.54737707376106e-05,1e-06,1e-06,1e-06,1e-06,1.2779397878166606e-05,1e-06
745,0.999999,4.7037238923569314e-06,1e-06,1e-06,1e-06,1e-06,1e-06,1e-06
746,1e-06,0.999999,0.999999,1e-06,1e-06,1e-06,0.999999,1e-06
747,1e-06,1e-06,0.999999,0.999999,1e-06,1e-06,1e-06,0.999999
748,1e-06,0.999999,1e-06,0.999999,0.999999,1e-06,0.999999,1e-06
749,1e-06,1e-06,1e-06,1e-06,1.1449108612409946e-05,1e-06,0.999999,6.662128330357614e-06
750,1e-06,1.5211141245127428e-06,1e-06,1e-06,0.0013930546211342765,1e-06,1e-06,0.999999
751,1e-06,1e-06,0.999999,1e-06,0.999999,0.999999,0.999999,0.999999
752,1e-06,1e-06,1e-06,1e-06,1e-06,0.999999,0.999999,0.999999
753,1e-06,1e-06,1e-06,1e-06,1e-06,1e-06,1e-06,1e-06
754,0.999999,1e-06,1e-06,1e-06,1e-06,1e-06,1e-06,0.999999
755,1e-06,0.999999,0.999999,1e-06,7.636339134163077e-06,1e-06,1e-06,0.999999
756,1e-06,1e-06,1e-06,1e-06,1e-06,1e-06,0.999999,1e-06
757,1e-06,1e-06,1e-06,1.0671840729574142e-06,0.029400885061357573,0.999999,1e-06,1e-06
758,1e-06,1e-06,0.999999,1e-06,0.999999,1e-06,1e-06,1e-06
759,1e-06,0.999999,1e-06,1e-06,0.999999,1e-06,1e-06,0.999999
760,1e-06,1.1107929402094482e-06,1e-06,1.6704448178587124e-06,1e-06,1e-06,1e-06,1e-06
761,0.999999,1e-06,1e-06,1e-06,1e-06,1e-06,1e-06,1e-06
762,1e-06,1e-06,1e-06,1e-06,0.974647396484448,1e-06,0.999999,0.999999
763,1e-06,1e-06,1e-06,1e-06,1e-06,1e-06,0.999999,0.999999
764,1e-06,4.841025916891985e-06,1e-06,0.999999,0.999999,1e-06,0.999999,1e-06
765,1e-06,1e-06,1e-06,0.999999,0.999999,1e-06,1e-06,1e-06
766,0.999999,1e-06,1e-06,1e-06,0.999999,1e-06,1e-06,1e-06
767,1e-06,1e-06,1e-06,1e-06,0.002440293348942893,1e-06,1e-06,1e-06
768,1e-06,1e-06,1e-06,1e-06,0.999999,1e-06,1e-06,1e-06
769,1e-06,2.8081717242314314e-06,0.999999,1e-06,7.82567667384567e-05,1e-06,1e-06,1e-06
770,1e-06,0.999999,1.2778818016134967e-06,1e-06,1e-06,1e-06,0.999999,0.999999
771,1e-06,1e-06,0.999999,1.342473619322852e-06,0.000217796124890135,1e-06,1e-06,1e-06
772,0.999999,0.999999,1e-06,1e-06,1e-06,1e-06,1e-06,1e-06
773,1e-06,0.999999,0.999999,1e-06,7.148612286578317e-06,1e-06,0.999999,1e-06
774,1e-06,0.999999,1e-06,1e-06,0.999999,1e-06,2.826786993254553e-05,0.999999
775,1e-06,1e-06,0.999999,1e-06,1e-06,1e-06,1e-06,1e-06
776,0.999999,1e-06,0.999999,1e-06,1e-06,1e-06,1e-06,0.999999
777,1e-06,0.999999,1e-06,1e-06,6.364132378762374e-06,1e-06,0.999999,1e-06
778,0.999999,0.00012769626886589806,1e-06,1e-06,0.0012698441187971219,1e-06,1e-06,0.999999
779,0.999999,1e-06,1e-06,0.999999,0.999999,1e-06,1e-06,1.059400255238898e-06
780,1e-06,1e-06,1e-06,1e-06,1e-06,1e-06,0.999999,0.999999
781,1e-06,1e-06,0.999999,1e-06,0.015343850689416186,1e-06,1e-06,1e-06
782,0.999999,0.999999,1e-06,0.999999,1e-06,1e-06,1e-06,4.82219024223687e-06
783,1e-06,1e-06,1e-06,1e-06,0.01945890390897768,1e-06,1e-06,1e-06
784,1e-06,1e-06,1e-06,0.999999,0.998227681974003,0.999999,1e-06,0.999999
785,1e-06,1e-06,1e-06,1e-06,1e-06,1e-06,2.62002803706504e-06,1e-06
786,0.999999,0.999999,0.999999,1e-06,0.00021930238433566266,1e-06,1e-06,1e-06
787,1e-06,1e-06,1e-06,2.1358431010984734e-06,0.9999987786918183,1e-06,0.999999,0.999999
788,1e-06,1e-06,0.999999,1e-06,1e-06,1e-06,1e-06,0.999999
789,0.999999,1e-06,1e-06,1e-06,0.999999,0.999999,0.999999,1e-06
790,1e-06,0.999999,1e-06,1e-06,2.481949809834369e-06,1e-06,1e-06,0.999999
791,1e-06,0.999999,0.999999,1e-06,1e-06,0.999999,1e-06,1e-06
792,1e-06,1e-06,1e-06,1e-06,0.018105355615319542,0.999999,1e-06,1e-06
793,0.999999,1e-06,1e-06,1e-06,1e-06,1e-06,0.999999,1e-06
794,1e-06,1e-06,1e-06,1e-06,0.000399617727510234,1e-06,1e-06,1e-06
795,1e-06,7.38017491194323e-05,2.3222893839599032e-05,1e-06,1e-06,1e-06,1e-06,1e-06
796,1e-06,0.999999,1e-06,0.999999,0.999999,1e-06,0.999999,0.999999
797,1e-06,1e-06,1e-06,0.999999,0.999999,1e-06,0.999999,1e-06
798,1e-06,0.999999,1e-06,1e-06,1e-06,1e-06,0.999999,0.999999
799,0.999999,1e-06,1e-06,1e-06,1e-06,0.999999,1e-06,1e-06
800,0.999999,1e-06,1e-06,1e-06,1e-06,1e-06,1e-06,1e-06
801,1e-06,1e-06,1e-06,0.999999,0.999999,0.999999,0.999999,0.999999
802,1e-06,1e-06,0.999999,1e-06,9.481005117039443e-06,1e-06,1e-06,1e-06
803,1e-06,1e-06,0.999999,1e-06,0.017804267790416252,1e-06,1e-06,1e-06
804,1e-06,1.242397198998856e-06,1e-06,0.999999,0.043657078085379476,1e-06,0.999999,1e-06
805,1e-06,1e-06,1e-06,1e-06,1e-06,1e-06,0.999999,1e-06
806,1e-06,1e-06,1e-06,0.999999,1e-06,0.999999,1e-06,0.999999
807,1e-06,0.999999,1e-06,0.999999,3.632883808026227e-06,1e-06,1e-06,0.999999
808,1e-06,9.498195923584864e-06,0.999999,1e-06,2.5918590214449583e-06,0.999999,0.999999,1e-06
809,0.999999,4.184028034576893e-05,1e-06,1e-06,0.999999,1e-06,1e-06,1.6523967799757883e-05
810,1e-06,1e-06,1e-06,1e-06,2.1237107954654842e-05,0.999999,1e-06,1e-06
811,1e-06,2.6083507889754936e-06,1e-06,1.0016001563015838e-06,1.4065005087583055e-05,1e-06,1e-06,0.999999
812,1e-06,1e-06,1e-06,1e-06,0.999999,0.999999,1e-06,0.999999
813,0.999999,1e-06,1e-06,1e-06,0.999999,1e-06,1e-06,1.5838662764608027e-06
814,1e-06,0.999999,1e-06,1e-06,0.999999,0.999999,1e-06,1e-06
815,1e-06,0.999999,1e-06,0.999999,0.999999,1e-06,1e-06,1e-06
816,0.999999,4.2160999105523375e-06,1e-06,1e-06,1e-06,1e-06,1e-06,0.999999
817,1e-06,0.999999,1e-06,0.999999,1e-06,1e-06,1e-06,1e-06
818,1e-06,1e-06,1e-06,1e-06,0.999999,1e-06,1e-06,1e-06
819,1e-06,1e-06,0.999999,0.999999,0.999999,1e-06,1e-06,1e-06
820,1e-06,1e-06,0.999999,1e-06,1e-06,0.999999,0.999999,0.999999
821,1e-06,1e-06,1e-06,0.999999,1e-06,1e-06,1e-06,1e-06
822,1e-06,1e-06,1e-06,1e-06,1e-06,0.999999,0.999999,1e-06
823,1e-06,0.999999,1e-06,1e-06,0.999999,1e-06,1e-06,0.999999
824,1e-06,1e-06,1e-06,0.999999,1e-06,1e-06,1e-06,0.999999
825,0.999999,1e-06,1e-06,1e-06,1e-06,1e-06,0.999999,1e-06
826,1e-06,1e-06,1e-06,1e-06,1e-06,1e-06,1e-06,1e-06
827,1e-06,1e-06,1e-06,0.999999,0.999999,1e-06,1e-06,1e-06
828,1e-06,0.999999,0.999999,1e-06,1e-06,1e-06,0.999999,0.00038909207046520616
829,1e-06,1.9345321300458704e-06,1e-06,1e-06,7.525897178668009e-06,1e-06,1e-06,1e-06
830,1e-06,2.1760701450100977e-06,0.999999,1.0551398095383696e-06,0.999999,0.999999,1e-06,1e-06
831,1e-06,1e-06,1e-06,0.999999,0.999999,1e-06,1e-06,1e-06
832,1e-06,9.051735076883188e-06,0.999999,1e-06,0.9999983580238656,1e-06,0.999999,1e-06
833,1e-06,0.999999,1e-06,1e-06,1e-06,1e-06,1e-06,3.440177603348634e-05
834,1e-06,1e-06,1e-06,2.0036603624991027e-06,0.999999,0.999999,1e-06,1e-06
835,1e-06,1e-06,1e-06,1e-06,1e-06,1e-06,1e-06,1e-06
836,1e-06,0.999999,1e-06,1e-06,0.999999,0.999999,1e-06,1e-06
837,1e-06,2.491047714683029e-06,1e-06,1e-06,1e-06,1e-06,1e-06,0.999999
838,1e-06,1e-06,1e-06,1e-06,0.01511491865441219,1e-06,1e-06,0.999999
839,1e-06,0.999999,0.999999,1e-06,1e-06,0.999999,0.999999,1e-06
840,1e-06,0.999999,1e-06,1e-06,1e-06,1.1696551832436269e-05,1e-06,0.999999
841,1e-06,1e-06,0.999999,1e-06,1.8753315401410322e-06,1e-06,1e-06,1e-06
842,1e-06,0.999999,1e-06,7.5191281523839475e-06,1e-06,0.999999,0.999999,1e-06
843,1e-06,0.999999,1e-06,1e-06,1e-06,1e-06,0.999999,1e-06
844,0.999999,0.999999,1e-06,0.999999,1e-06,1e-06,1e-06,0.999999
845,1e-06,4.494246727050288e-06,1e-06,0.999999,0.0026925241660928937,1e-06,1e-06,0.999999
846,0.999999,0.999999,1e-06,1e-06,1e-06,1e-06,1e-06,0.999999
847,1e-06,1e-06,0.999999,0.999996738491382,1e-06,0.999999,0.999999,0.999999
848,0.999999,1e-06,1e-06,0.999999,1e-06,4.374561085621765e-06,1e-06,1e-06
849,1e-06,0.999999,1e-06,1e-06,8.453309440853146e-06,0.999999,1e-06,4.904437730779653e-06
850,1e-06,1.9599336954809428e-06,1e-06,1e-06,1e-06,1e-06,1e-06,1e-06
851,1e-06,0.999999,1e-06,1e-06,1e-06,9.161433029945864e-06,0.999999,0.999999
852,1e-06,1.1384359505590995e-06,1e-06,0.999999,0.014467703083962597,1e-06,1e-06,1e-06
853,1e-06,4.987912920844618e-06,1e-06,1e-06,0.0006507290527634943,1.869036653255934e-06,1e-06,1e-06
854,1e-06,0.999999,0.999999,1e-06,0.970654565520527,1e-06,0.999999,0.999999
855,1e-06,1e-06,1e-06,1.1930846798992888e-06,2.1909378547725613e-05,0.999999,0.999999,1e-06
856,1e-06,7.363064530398308e-06,0.999999,1e-06,0.999999,1e-06,2.2279629037993716e-06,1e-06
857,1e-06,1e-06,1e-06,4.37395437239951e-06,1.7807142649897256e-05,1e-06,1e-06,0.999999
858,1e-06,0.999999,1e-06,1e-06,0.003224221707608728,1e-06,1e-06,1e-06
859,1e-06,1.0821814518635964e-06,2.229998640250349e-06,1e-06,1e-06,1e-06,1e-06,2.717076851796342e-06
860,1e-06,1e-06,1e-06,1e-06,1e-06,1e-06,1.2929191974909654e-05,0.999999
861,0.999999,2.0668717091633616e-06,1e-06,1e-06,0.999999,1e-06,1e-06,1e-06
862,0.999999,1e-06,1e-06,1e-06,1e-06,1e-06,1e-06,3.485532964520363e-05
863,1e-06,1.1629232093532405e-05,1e-06,0.999999,0.0024572810592489434,4.368984354009775e-06,0.999999,1e-06
864,1e-06,4.15266661074474e-06,0.999999,1e-06,0.999999,1e-06,0.999999,1e-06
865,1e-06,1e-06,1e-06,1e-06,1e-06,0.999999,0.999999,1e-06
866,1e-06,2.8590945287226812e-06,1e-06,1e-06,1e-06,1e-06,1e-06,1e-06
867,1e-06,2.3674910429992393e-05,1e-06,1e-06,0.0018642230848997183,1e-06,1e-06,1e-06
868,1e-06,1e-06,0.999999,1e-06,1e-06,1e-06,1e-06,1e-06
869,0.999999,1e-06,1e-06,0.999999,0.999999,1e-06,0.999999,4.563807315360554e-05
870,1e-06,1e-06,1e-06,0.999999,1.7218344938931778e-05,1e-06,1e-06,1e-06
871,0.999999,0.999999,1e-06,0.999999,2.3214791725095364e-06,1e-06,1e-06,1e-06
872,1e-06,0.999999,1e-06,0.999999,0.999999,0.999999,0.999999,1e-06
873,1e-06,3.4704324124984565e-06,0.999999,1.5066440482698611e-06,2.96921294564427e-05,0.999999,0.999999,1e-06
874,1e-06,1e-06,1e-06,1e-06,1e-06,1e-06,0.999999,0.999999
875,1e-06,0.999999,1e-06,1e-06,0.999999,1e-06,1e-06,0.999999
876,1e-06,1e-06,1e-06,1e-06,1e-06,0.999999,1e-06,0.999999
877,0.999999,0.999999,1e-06,1e-06,2.3149725448475256e-05,0.999999,0.999999,1e-06
878,0.999999,1e-06,0.999999,1e-06,3.4282658441044235e-06,1e-06,0.999999,2.3346416030302017e-06
879,0.999999,1e-06,0.999999,1e-06,1e-06,1e-06,1e-06,1e-06
880,1e-06,1e-06,0.999999,1e-06,0.15691893193557063,1e-06,1e-06,1e-06
881,1e-06,1e-06,1e-06,1e-06,1e-06,0.999999,1e-06,0.999999
882,1e-06,1e-06,1e-06,1e-06,2.8056378184488564e-05,1e-06,1e-06,1e-06
883,1e-06,1e-06,0.999999,1e-06,0.001815117394021754,1e-06,0.999999,1e-06
884,1e-06,2.613106661756777e-06,1e-06,0.999999,1e-06,0.999999,1e-06,1e-06
885,1e-06,7.748882874008392e-06,1e-06,1e-06,1e-06,1e-06,1e-06,0.999999
886,1e-06,5.459366860288494e-06,1e-06,1e-06,1e-06,1e-06,0.999999,1e-06
887,1e-06,1e-06,1e-06,0.999999,0.999999,1e-06,1e-06,1e-06
888,1e-06,0.999999,1e-06,1e-06,0.0001981762760845572,1e-06,1e-06,1e-06
889,0.999999,1e-06,1e-06,1e-06,0.999999,0.999999,0.999999,1e-06
890,1e-06,0.999999,0.999999,1e-06,0.999999,1e-06,0.999999,1e-06
891,1e-06,1e-06,1e-06,0.999999,2.2960051211935957e-06,7.936454000918021e-06,1e-06,1e-06
892,1e-06,1e-06,1e-06,0.999999,0.005271332464794456,1e-06,1e-06,1.4813627588399843e-06
893,0.999999,0.999999,0.999999,1e-06,0.999999,1e-06,0.999999,0.999999
894,1e-06,0.999999,0.999999,1e-06,1e-06,1e-06,1e-06,0.999999
895,1e-06,3.962785554143948e-05,1e-06,1e-06,1e-06,1e-06,1e-06,0.999999
896,0.999999,1e-06,1e-06,5.986987525091577e-06,1e-06,0.999999,1e-06,0.999999
897,0.999999,0.999999,1e-06,1e-06,1.5583967382629344e-05,1e-06,1e-06,0.999999
898,0.999999,1e-06,1e-06,1e-06,1e-06,1e-06,1e-06,1e-06
899,1e-06,1e-06,1e-06,0.999999,0.015577175154023407,1e-06,1e-06,1e-06
900,1e-06,1e-06,1e-06,0.999999,0.999999,1e-06,0.999999,0.999999
901,1e-06,0.999999,0.999999,1e-06,0.999999,0.999999,1e-06,0.999999
902,1e-06,4.5174950351622985e-06,1e-06,0.999999,5.497342026895511e-06,1e-06,1e-06,1e-06
903,1e-06,0.999999,1e-06,1e-06,1e-06,1e-06,1e-06,1e-06
904,1e-06,0.999999,1e-06,1e-06,0.999999,0.999999,1e-06,0.999999
905,1e-06,0.999999,1e-06,0.999999,0.999999,1.2359659768760948e-06,1e-06,0.999999
906,1e-06,1e-06,1e-06,0.999999,0.999999,1e-06,1e-06,1e-06
907,1e-06,0.999999,1e-06,0.999999,0.999999,1e-06,1e-06,1e-06
908,1e-06,1e-06,1e-06,0.999999,1e-06,1e-06,1e-06,0.999999
909,1e-06,0.0005604491082816956,0.999999,1e-06,0.999999,0.999999,1e-06,1e-06
910,1e-06,0.0002409850439534508,0.999999,1e-06,2.90988050967448e-05,0.999999,0.999999,1e-06
911,1e-06,1e-06,1e-06,1e-06,0.01675710400686236,0.999999,1e-06,1e-06
912,1e-06,1e-06,1e-06,1e-06,0.999999,1e-06,1e-06,1e-06
913,0.999999,1.5587573935283503e-06,1e-06,1e-06,9.621660327363468e-05,1e-06,1e-06,1e-06
914,1e-06,0.999999,1e-06,1e-06,0.003495857990783636,1e-06,1e-06,1e-06
915,1e-06,1e-06,0.999999,1e-06,1.990754170385287e-05,1e-06,1e-06,0.999999
916,1e-06,3.7333632150984076e-06,0.999999,1e-06,0.999999,1e-06,1e-06,1e-06
917,1e-06,6.664137816989124e-05,1e-06,1e-06,1e-06,1e-06,0.999999,1e-06
918,1e-06,1e-06,1e-06,1e-06,6.947908430033175e-06,1e-06,1e-06,1e-06
919,1e-06,1e-06,1e-06,1e-06,1e-06,0.999999,1e-06,1e-06
920,1e-06,1e-06,1e-06,1e-06,1e-06,1e-06,0.999999,0.999999
921,0.999999,1e-06,1e-06,1e-06,9.017104034801261e-06,1e-06,1e-06,1e-06
922,1e-06,0.999999,1e-06,1e-06,0.00025961474083736424,1e-06,1e-06,0.999999
923,0.999999,1e-06,1.327986229722412e-06,0.999999,1e-06,1e-06,1e-06,0.999999
924,1e-06,0.9999988388883501,0.999999,3.0948118147820853e-06,1e-06,1e-06,0.999999,1e-06
925,0.999999,1e-06,1e-06,4.617294380406218e-06,0.0011789597732832057,1e-06,1e-06,1e-06
926,1e-06,1e-06,1e-06,1e-06,1e-06,1e-06,0.999999,1e-06
927,0.999999,0.999999,1e-06,1e-06,1e-06,0.999999,0.999999,3.02206986601029e-06
928,1e-06,1e-06,1e-06,0.999999,1e-06,1e-06,1e-06,1e-06
929,0.999999,2.546545668753376e-05,1e-06,1e-06,1.907241865383704e-05,0.999999,1e-06,0.999999
930,0.999999,1e-06,1e-06,1e-06,5.5228499072937e-06,1e-06,0.999999,1e-06
931,1e-06,0.999999,1e-06,1e-06,0.999999,1e-06,1e-06,1e-06
932,1e-06,1e-06,1e-06,0.999999,2.6270845107933508e-05,1e-06,1e-06,0.999999
933,1e-06,0.999999,1e-06,1e-06,0.999999,1e-06,0.999999,1e-06
934,1e-06,3.558772005185283e-06,1e-06,0.999999,3.7381704764491226e-05,1e-06,1e-06,1e-06
935,0.999999,0.999999,1e-06,1e-06,0.999999,1e-06,0.999999,0.999999
936,1e-06,0.999999,0.999999,1e-06,0.999999,1e-06,1e-06,0.999999
937,1e-06,2.3419515357571164e-06,0.999999,0.999999,2.635616623204902e-06,1e-06,1e-06,1e-06
938,1e-06,0.999999,1e-06,0.999999,1e-06,1e-06,0.999999,1e-06
939,1e-06,1e-06,1e-06,1e-06,7.632093879464665e-05,0.999999,1e-06,1e-06
940,1e-06,1e-06,0.999999,1e-06,0.999999,1e-06,0.999999,1e-06
941,1e-06,1e-06,1e-06,0.999999,1.6758637242690569e-06,1e-06,1e-06,1e-06
942,1e-06,1e-06,1e-06,1e-06,0.999999,0.999999,1e-06,0.999999
943,1e-06,0.999999,1e-06,1e-06,2.930145039632043e-06,1e-06,1e-06,6.796572034466896e-06
944,0.999999,1e-06,1e-06,5.750848391938589e-06,1e-06,1e-06,0.999999,1e-06
945,1e-06,0.999999,1e-06,1e-06,0.999999,1e-06,1e-06,1e-06
946,1e-06,1e-06,0.999999,1e-06,1e-06,1e-06,1e-06,0.999999
947,1e-06,1e-06,1e-06,1.196798271195098e-06,0.004437360458954969,1e-06,1e-06,1e-06
948,0.999999,1e-06,1e-06,1e-06,1e-06,0.999999,1e-06,1e-06
949,1e-06,1e-06,1e-06,0.999999,1e-06,1e-06,1e-06,1e-06
950,1e-06,0.999999,1e-06,1.371999154107805e-06,2.121953236302037e-05,1e-06,0.999999,1e-06
951,0.999999,1e-06,0.999999,1e-06,1e-06,0.999999,0.999999,1.3334768198797368e-06
952,1e-06,1e-06,1e-06,1e-06,1e-06,1e-06,0.999999,1e-06
953,1e-06,1e-06,0.999999,1e-06,0.999999,0.999999,1e-06,1e-06
954,1e-06,1e-06,0.999999,1e-06,0.0009325838333665155,0.999999,1e-06,1e-06
955,1e-06,0.999999,1e-06,1e-06,1e-06,0.999999,1e-06,0.0001693230386784228
956,0.999999,1e-06,0.999999,1e-06,5.524485783479746e-05,1e-06,1e-06,0.999999
957,1e-06,1e-06,0.999999,1e-06,1e-06,1e-06,0.999999,0.999999
958,0.999999,0.999999,0.999999,1e-06,1e-06,0.999999,1e-06,0.00031308189316814263
959,0.999999,0.999999,1e-06,1e-06,1e-06,1e-06,1e-06,1e-06
960,0.999999,1e-06,1e-06,8.943918119504997e-06,1e-06,1e-06,1e-06,0.00012108264186653241
961,0.999999,0.999999,1e-06,1e-06,2.2699861667485723e-05,1e-06,0.999999,0.999999
962,1e-06,0.999999,1e-06,1e-06,0.999999,1e-06,1e-06,1e-06
963,1e-06,1e-06,0.999999,1e-06,1e-06,0.999999,0.999999,1e-06
964,1e-06,1e-06,1e-06,1e-06,0.999999,1e-06,0.999999,0.999999
965,1e-06,1e-06,0.999999,1e-06,1e-06,1e-06,0.999999,1e-06
966,0.999999,1e-06,1e-06,1e-06,0.999999,1e-06,1e-06,1e-06
967,1e-06,0.999999,1e-06,1e-06,1.700231333581426e-05,1e-06,1e-06,1.2377488178569047e-06
968,1e-06,1e-06,1e-06,1e-06,0.999999,2.561452694023164e-06,1e-06,1e-06
969,0.999999,1e-06,1e-06,1e-06,2.395706461220164e-06,1e-06,0.999999,0.999999
970,1e-06,3.174921213045083e-06,1e-06,1e-06,0.999999,1e-06,1e-06,1e-06
971,1e-06,0.999999,1e-06,1e-06,0.055325681301974995,1e-06,1e-06,1e-06
972,1e-06,1e-06,0.999999,1.1600024117718252e-06,1e-06,1e-06,1e-06,0.999999
973,0.999999,1e-06,1e-06,1e-06,4.639201045612748e-06,0.999999,1e-06,1e-06
974,0.999999,0.999999,1e-06,1e-06,1e-06,1e-06,1e-06,0.999999
975,1e-06,1e-06,0.999999,1e-06,0.999999,1e-06,1e-06,1e-06
976,1e-06,1e-06,0.999999,1e-06,0.999999,0.999999,0.9999968331134842,1e-06
977,1e-06,1e-06,0.999999,1e-06,2.2261979702827447e-06,0.999999,1e-06,1e-06
978,1e-06,2.0323138729270402e-06,1e-06,1e-06,0.0028826166732231332,0.999999,1e-06,2.569559032405963e-06
979,1e-06,1e-06,0.999999,1e-06,0.999999,0.999999,1e-06,0.999999
980,1e-06,1e-06,1e-06,1e-06,1e-06,1e-06,1e-06,1e-06
981,1e-06,1e-06,0.999999,1.364957184076526e-06,0.999999,1e-06,0.999999,1e-06
982,1e-06,2.4560375179009447e-05,1e-06,1e-06,1e-06,1e-06,1e-06,1e-06
983,1e-06,0.999999,1e-06,1e-06,1e-06,1e-06,0.999999,1e-06
984,1e-06,0.999999,0.999999,0.999999,0.999999,0.999999,1e-06,0.999999
985,1e-06,1e-06,1e-06,1e-06,0.999999,1e-06,1e-06,1e-06
986,1e-06,2.2064270564302627e-06,1e-06,1e-06,1e-06,1e-06,0.999999,0.999999
987,0.999999,1e-06,1e-06,1e-06,1e-06,1e-06,1e-06,1e-06
988,1e-06,1e-06,1e-06,0.999999,0.0027788840058835863,1e-06,0.999999,0.00012992526163849315
989,0.999999,0.999999,1e-06,1e-06,1e-06,1e-06,0.999999,1e-06
990,1e-06,0.999999,1e-06,1e-06,0.0005147880749752831,1e-06,1e-06,1e-06
991,1e-06,1e-06,1e-06,0.999999,0.999999,1e-06,0.999999,1e-06
992,1e-06,1e-06,1e-06,1e-06,1e-06,0.999999,0.999999,1e-06
993,1e-06,1.2397465534920497e-05,1e-06,1e-06,1e-06,0.999999,0.999999,1e-06
994,0.999999,0.999999,1e-06,1e-06,0.003997303704728284,1e-06,1e-06,1e-06
995,1e-06,4.9872160089827536e-05,1e-06,1e-06,1e-06,0.999999,0.999999,0.999999
996,0.999999,0.999999,0.999999,1e-06,0.999999,1e-06,1e-06,1e-06
997,1e-06,1e-06,1e-06,1e-06,0.999999,1e-06,0.999999,1e-06
998,1e-06,1e-06,1e-06,0.999999,1e-06,1e-06,1e-06,3.910425772711247e-05
999,1e-06,1e-06,1e-06,0.999999,1e-06,1e-06,1e-06,0.999999
